Tiempo,Canal1
0.0,-0.4724281633002832
0.004001600640256103,0.5355137970375335
0.008003201280512205,0.6345350452709555
0.012004801920768308,1.4907530472714043
0.01600640256102441,1.1183138850886998
0.020008003201280513,1.9330619084418528
0.024009603841536616,1.4279849187930684
0.028011204481792718,1.4265587185228576
0.03201280512204882,0.6357272662698794
0.03601440576230493,0.9040399355313842
0.040016006402561026,0.14961578450078794
0.044017607042817125,-0.20258287523384333
0.04801920768307323,0.2989093784553155
0.05202080832332934,0.3045959486417611
0.056022408963585436,-0.2763026759692361
0.060024009603841535,0.26832923017803806
0.06402561024409764,-0.7098929847834341
0.06802721088435375,-1.143699274514324
0.07202881152460985,-0.894191767739367
0.07603041216486595,-1.1993151420641273
0.08003201280512205,-2.114040208965549
0.08403361344537816,-1.4286113288326585
0.08803521408563425,-2.1110168955045507
0.09203681472589036,-0.6144533841500252
0.09603841536614646,-0.9371498976072277
0.10004001600640257,-0.22974678586846325
0.10404161664665867,1.0699118242684904
0.10804321728691477,0.430202248226472
0.11204481792717087,2.828457535980744
0.11604641856742698,1.6362989783163522
0.12004801920768307,2.429792730502367
0.12404961984793918,2.4865505811503406
0.12805122048819528,0.21787360667415429
0.13205282112845138,0.8360518335806737
0.1360544217687075,0.08430866965404515
0.1400560224089636,0.030055966380954202
0.1440576230492197,1.0121203335866529
0.1480592236894758,0.1165600625252034
0.1520608243297319,0.2675365601506797
0.156062424969988,0.2669343987269455
0.1600640256102441,-0.6630348168507676
0.1640656262505002,0.8193747632557389
0.16806722689075632,-0.4712397381176514
0.1720688275310124,-1.0256921851781515
0.1760704281712685,-1.426498165072916
0.18007202881152462,-2.093029036924402
0.1840736294517807,-1.8990734736519927
0.18807523009203683,-1.5115903817238732
0.19207683073229292,-1.2674060635857831
0.19607843137254902,-0.6402538127792232
0.20008003201280514,-0.3911890571376288
0.20408163265306123,1.2168432453102456
0.20808323329331735,1.6897650065845222
0.21208483393357344,2.319641457881887
0.21608643457382953,1.7921318271585682
0.22008803521408565,1.9119075862264308
0.22408963585434175,1.1548317467615545
0.22809123649459784,0.21255372078424256
0.23209283713485396,0.370453001212653
0.23609443777511005,0.6652521566850698
0.24009603841536614,0.29596807546992243
0.24409763905562226,-0.5568917850623263
0.24809923969587835,0.056394901388472446
0.25210084033613445,-0.06886098764166984
0.25610244097639057,-0.5503111240090501
0.2601040416166467,0.49901522608604476
0.26410564225690275,-0.983780464097045
0.26810724289715887,-0.8191146143063841
0.272108843537415,-1.3579362526572394
0.27611044417767105,-1.7109393684978393
0.2801120448179272,-1.7477489088422966
0.2841136454581833,-1.9377268580556481
0.2881152460984394,-2.506075181544199
0.2921168467386955,-0.050656310212671585
0.2961184473789516,-0.7761199309018307
0.3001200480192077,-1.053079742180981
0.3041216486594638,1.0264072513305642
0.3081232492997199,1.6014142383678842
0.312124849939976,2.154590446375958
0.3161264505802321,2.3895307690882532
0.3201280512204882,2.8071272542834174
0.32412965186074433,1.4237073093318495
0.3281312525010004,1.2962151706806622
0.3321328531412565,-0.2875677307209459
0.33613445378151263,0.06732237701991195
0.3401360544217687,-0.6027818676696717
0.3441376550620248,-0.9716361274241144
0.34813925570228094,-0.22762411010655165
0.352140856342537,-0.39881235813792976
0.3561424569827931,0.26900697869925366
0.36014405762304924,-0.5789307212256187
0.36414565826330536,-0.5510454726303373
0.3681472589035614,-1.3888193667667186
0.37214885954381755,-0.9980870538570321
0.37615046018407367,-1.9060565780377607
0.38015206082432973,-1.611365931667422
0.38415366146458585,-1.3882573519084938
0.38815526210484197,-1.9242425971872357
0.39215686274509803,-0.7753509869127932
0.39615846338535415,-0.7245349279827279
0.4001600640256103,-0.34490823283868915
0.40416166466586634,0.6826688388007207
0.40816326530612246,1.0539469110509283
0.4121648659463786,1.9243530353745224
0.4161664665866347,2.5394777967534328
0.42016806722689076,2.265045323732377
0.4241696678671469,2.3469362002570358
0.428171268507403,1.6445446661439935
0.43217286914765907,0.6504630267214064
0.4361744697879152,0.18111768574000464
0.4401760704281713,0.1231456625916243
0.44417767106842737,0.8362472408020132
0.4481792717086835,0.33011047028756135
0.4521808723489396,-0.18468721022639445
0.4561824729891957,-0.4292819542949521
0.4601840736294518,-0.7950745224626682
0.4641856742697079,-1.138530912807329
0.468187274909964,-0.6473072763878288
0.4721888755502201,-1.2160350254317893
0.4761904761904762,-1.7366979979237736
0.4801920768307323,-1.9018917061755285
0.4841936774709884,-1.9665975646797011
0.4881952781112445,-2.6098019878209566
0.49219687875150064,-1.8174999123934215
0.4961984793917567,-1.0618720328803455
0.5002000800320128,0.45284933108803277
0.5042016806722689,0.9140799804360796
0.508203281312525,2.07865885143173
0.5122048819527811,1.6681795564245336
0.5162064825930373,1.2055268568589015
0.5202080832332934,2.893369515758286
0.5242096838735495,1.441810827365678
0.5282112845138055,-0.11103755153158856
0.5322128851540616,0.23900435027636724
0.5362144857943177,1.3013431235562731
0.5402160864345739,0.06594040109583688
0.54421768707483,-0.12893561942157067
0.5482192877150861,0.25660475240248704
0.5522208883553421,0.0009875635019052365
0.5562224889955982,0.7770268244413493
0.5602240896358543,-0.511358729229594
0.5642256902761105,0.306638215366156
0.5682272909163666,-1.0684223893518372
0.5722288915566227,-1.4408270736005004
0.5762304921968788,-2.0168697824070803
0.5802320928371348,-0.9911111897628524
0.584233693477391,-3.0322916873171764
0.5882352941176471,-2.217302829249263
0.5922368947579032,-1.7399200630612564
0.5962384953981593,-0.3855634596871325
0.6002400960384154,-0.4093425495779499
0.6042416966786714,0.23065910921087018
0.6082432973189276,1.1904564147449541
0.6122448979591837,1.9979977107644737
0.6162464985994398,1.409035937275458
0.6202480992396959,1.6372079655790448
0.624249699879952,1.9909200192651517
0.6282513005202081,0.7160715439332161
0.6322529011604642,-0.039227678732614124
0.6362545018007203,0.5744542968632786
0.6402561024409764,-0.05647412586202516
0.6442577030812325,-0.07417067196641969
0.6482593037214887,0.5554339618443441
0.6522609043617448,-0.8293080536852617
0.6562625050020008,0.025059088492726866
0.6602641056422569,-0.5149831200314795
0.664265706282513,-0.9406380019524399
0.6682673069227691,-0.33047875803621063
0.6722689075630253,-1.2888872437582255
0.6762705082032814,-1.0794567295420399
0.6802721088435374,-2.1193543062078932
0.6842737094837935,-2.3281469940225525
0.6882753101240496,-1.837101122318913
0.6922769107643058,-1.6197406829911674
0.6962785114045619,-1.3253155214315941
0.700280112044818,0.2741317317806409
0.704281712685074,1.4725615360504212
0.7082833133253301,1.5151137958561125
0.7122849139655862,1.8911347906856575
0.7162865146058424,2.5598304420820486
0.7202881152460985,0.9915842599218729
0.7242897158863546,1.5773396462679243
0.7282913165266107,0.9203639233752353
0.7322929171668667,0.6073713415080711
0.7362945178071229,-0.16636215139327304
0.740296118447379,-0.03750039532950833
0.7442977190876351,-0.5019091696785271
0.7482993197278912,-0.5369595375818952
0.7523009203681473,0.2332575094593366
0.7563025210084033,-0.7854236877786613
0.7603041216486595,-0.3927420453503081
0.7643057222889156,-0.9754139672893573
0.7683073229291717,-0.02010906183283323
0.7723089235694278,-0.931799253274587
0.7763105242096839,-1.8640024867656737
0.7803121248499401,-2.2026825920359987
0.7843137254901961,-1.772794393218021
0.7883153261304522,-2.0371238377849505
0.7923169267707083,-2.155613015906957
0.7963185274109644,-1.2600941454580945
0.8003201280512205,-1.380336924500604
0.8043217286914767,1.2891653115667236
0.8083233293317327,1.054753898037601
0.8123249299719888,3.097993887006629
0.8163265306122449,2.489531639408879
0.820328131252501,1.835641216789867
0.8243297318927572,1.6181479590039276
0.8283313325330133,1.418837939239172
0.8323329331732694,0.5411431297522291
0.8363345338135254,0.29046327662387605
0.8403361344537815,0.5519824821554743
0.8443377350940376,0.04863705964377507
0.8483393357342938,-0.6437589726125412
0.8523409363745499,-0.2062681771396858
0.856342537014806,0.8126270902245546
0.860344137655062,0.36610398744926476
0.8643457382953181,-0.997661551633138
0.8683473389355743,-0.9347017458333021
0.8723489395758304,-0.8500841402616282
0.8763505402160865,-2.0480516598881846
0.8803521408563426,-2.0287400759601013
0.8843537414965986,-2.256652786535932
0.8883553421368547,-2.203580928652446
0.8923569427771109,-0.16840509538778514
0.896358543417367,-0.6080174048326591
0.9003601440576231,0.24720978664199728
0.9043617446978792,0.653836784420265
0.9083633453381353,1.3482648721933674
0.9123649459783914,2.6872501792219206
0.9163665466186475,2.5730883813954977
0.9203681472589036,1.3414073681181318
0.9243697478991597,1.8110210856448468
0.9283713485394158,1.0739763840879184
0.932372949179672,1.3361685081193748
0.936374549819928,0.1490204548195111
0.9403761504601841,-0.7957974101363164
0.9443777511004402,0.3518615147914619
0.9483793517406963,-0.18315247608624322
0.9523809523809524,-0.18868252608125258
0.9563825530212086,-0.31136872757026723
0.9603841536614646,-0.6825509943317342
0.9643857543017207,-0.9957847329934174
0.9683873549419768,-0.1979124359763509
0.9723889555822329,-0.5703727121401658
0.976390556222489,-1.044127151151955
0.9803921568627452,-2.497182053452743
0.9843937575030013,-1.748067494345792
0.9883953581432573,-1.1011606140255563
0.9923969587835134,-1.5740823434012703
0.9963985594237695,-0.9220441854077082
1.0004001600640255,0.5850084485953313
1.0044017607042817,0.3259131495572715
1.0084033613445378,1.2378546241415167
1.012404961984794,1.8537305538623388
1.01640656262505,2.159071984511392
1.0204081632653061,1.4441934558636862
1.0244097639055623,2.269000662348072
1.0284113645458184,0.7254008245224668
1.0324129651860745,1.7018153530533597
1.0364145658263306,0.22489964565716014
1.0404161664665867,-0.12654878009782267
1.0444177671068429,-0.25905118292464957
1.048419367747099,0.9670072459718811
1.0524209683873549,-0.389479855477295
1.056422569027611,-0.145572264001936
1.0604241696678671,-0.569397857246375
1.0644257703081232,-0.9374508103746807
1.0684273709483794,-0.6775526968311638
1.0724289715886355,-1.1558086966610466
1.0764305722288916,-1.902824669242126
1.0804321728691477,-2.135480299340402
1.0844337735094038,-1.828177158072962
1.08843537414966,-1.0650070323559495
1.092436974789916,-0.40100843474089876
1.0964385754301722,-1.3906129354187406
1.1004401760704283,0.6960162648810299
1.1044417767106842,0.5210211126457787
1.1084433773509403,1.6984949609950428
1.1124449779911965,1.266799345063394
1.1164465786314526,1.5688605388101113
1.1204481792717087,1.8844166514297866
1.1244497799119648,1.4892633661830872
1.128451380552221,0.6297636590441533
1.132452981192477,1.7777398800128537
1.1364545818327332,-0.031206928257977773
1.1404561824729893,0.6227054817298732
1.1444577831132454,0.06876497820369998
1.1484593837535015,0.6951277461249162
1.1524609843937577,-0.1648328187678664
1.1564625850340136,-0.8418103035131569
1.1604641856742697,-0.23482398505124213
1.1644657863145258,-0.722290703470236
1.168467386954782,-0.16316395703162978
1.172468987595038,-2.162261078725717
1.1764705882352942,-1.3527137112030125
1.1804721888755503,-0.7204229051188761
1.1844737895158064,-2.7627215751797327
1.1884753901560625,-1.4038961365588327
1.1924769907963186,-0.41902311193504316
1.1964785914365748,-0.5077314151592878
1.2004801920768309,0.19903099552728853
1.2044817927170868,0.8258854186974636
1.208483393357343,1.2460674713407773
1.212484993997599,1.3615437522651288
1.2164865946378551,2.0015415880844607
1.2204881952781113,2.50409121266651
1.2244897959183674,1.9514751775288004
1.2284913965586235,1.4154047721387457
1.2324929971988796,0.7324387314904814
1.2364945978391357,0.30053797956966743
1.2404961984793919,-0.05312459762160404
1.244497799119648,0.6039261395874943
1.248499399759904,-0.10018195361580716
1.2525010004001602,-0.08548190724796612
1.2565026010404161,0.1694975506381261
1.2605042016806722,-0.4177365266255719
1.2645058023209284,-0.1413448070614114
1.2685074029611845,-0.9338626817037
1.2725090036014406,-1.8320660219445681
1.2765106042416967,-1.6381416578823438
1.2805122048819528,-2.3735599672466745
1.284513805522209,-1.1389022707850343
1.288515406162465,-1.3788841066409034
1.2925170068027212,-1.6136871153516072
1.2965186074429773,-0.5219860691083761
1.3005202080832334,0.13934901087524257
1.3045218087234896,1.6764749999137465
1.3085234093637454,1.5887640797086338
1.3125250100040016,2.0900280209054145
1.3165266106442577,1.9899781427375558
1.3205282112845138,1.6268222209661867
1.32452981192477,2.264022055898234
1.328531412565026,1.3756376591344832
1.3325330132052822,0.6063937335452616
1.3365346138455383,-0.3161768103934228
1.3405362144857944,0.046733839220927
1.3445378151260505,-0.5580475700549385
1.3485394157663066,0.3522543258749187
1.3525410164065628,0.10435005024600802
1.3565426170468189,0.8909038960840646
1.3605442176870748,-0.3033114632271714
1.364545818327331,-1.0975943021919288
1.368547418967587,-1.3853839285964455
1.3725490196078431,-1.3476372514658814
1.3765506202480993,-0.6702571043809862
1.3805522208883554,-1.5257605174375435
1.3845538215286115,-2.0109691520803836
1.3885554221688676,-1.4012601668813849
1.3925570228091237,-1.5827258860194637
1.3965586234493799,-2.0508530227900934
1.400560224089636,-0.41015780751936726
1.404561824729892,0.681321311684683
1.408563425370148,1.9457208208057657
1.4125650260104041,1.2674664863356235
1.4165666266506602,2.1543976443308175
1.4205682272909164,2.3928689185693246
1.4245698279311725,2.2004976809016368
1.4285714285714286,0.7677998322508495
1.4325730292116847,0.4675304690723
1.4365746298519408,-0.4906006449242051
1.440576230492197,0.9104353756717417
1.444577831132453,0.03591873072588225
1.4485794317727092,0.03024746030335368
1.4525810324129653,0.03600413929044788
1.4565826330532214,-0.6215235208186766
1.4605842336934773,-0.07286795248183164
1.4645858343337335,0.3677302367090407
1.4685874349739896,-2.330865257461947
1.4725890356142457,-0.8161218652275712
1.4765906362545018,-2.8474004662645354
1.480592236894758,-1.6326444474135533
1.484593837535014,-1.475711926310798
1.4885954381752702,-2.082477786719592
1.4925970388155263,-1.5674245985897104
1.4965986394557824,-0.4806155354083861
1.5006002400960385,-0.07158834770847433
1.5046018407362947,1.4037775649963327
1.5086034413765508,1.7415687492496066
1.5126050420168067,1.076347714696298
1.5166066426570628,2.6781461583850925
1.520608243297319,2.50326065602593
1.524609843937575,2.0337484509763897
1.5286114445778312,1.2188631100575689
1.5326130452180873,0.44387343898428877
1.5366146458583434,-0.12860001801148224
1.5406162464985995,0.7380060819557999
1.5446178471388556,-0.29768882222820886
1.5486194477791118,0.5379919228674547
1.5526210484193679,-0.0035731538897069703
1.556622649059624,-0.5661155048434375
1.5606242496998801,-0.16574704678510543
1.564625850340136,-0.27812158035558765
1.5686274509803921,0.5645139191096464
1.5726290516206483,-1.421095642728503
1.5766306522609044,-2.217998329742852
1.5806322529011605,-2.2995302087154683
1.5846338535414166,-1.9993874857766962
1.5886354541816727,-0.9658300558613242
1.5926370548219289,-0.4358789116359282
1.596638655462185,-1.028151763686429
1.600640256102441,0.29789338125757925
1.6046418567426972,1.413264396343263
1.6086434573829533,0.6354484889931475
1.6126450580232095,1.8575816281735555
1.6166466586634654,1.683318426544191
1.6206482593037215,1.7461225530002686
1.6246498599439776,1.0393191907629724
1.6286514605842337,0.9460790051958594
1.6326530612244898,0.6959891366482476
1.636654661864746,-0.0956617942274689
1.640656262505002,0.3444679856253874
1.6446578631452582,-0.01514890484224718
1.6486594637855143,-0.5767949994541698
1.6526610644257704,-0.36577854995978887
1.6566626650660266,-0.11445761641490215
1.6606642657062827,1.0137330571908785
1.6646658663465388,0.32887403705628926
1.6686674669867947,-1.557467522414103
1.6726690676270508,-1.2590065958402104
1.676670668267307,-1.0138694583151706
1.680672268907563,-1.771828700663718
1.6846738695478192,-2.970583292855022
1.6886754701880753,-2.26883584026785
1.6926770708283314,-1.674114308396518
1.6966786714685875,-0.3614529094739251
1.7006802721088436,0.04519555441071786
1.7046818727490998,0.8786952694406873
1.708683473389356,0.9821200546736799
1.712685074029612,1.0138512334790863
1.716686674669868,1.7298587515585486
1.720688275310124,1.776355492813245
1.7246898759503801,1.8653346405963789
1.7286914765906363,0.0442079183336232
1.7326930772308924,0.738695276175068
1.7366946778711485,0.5208907294742896
1.7406962785114046,-0.5664534132966716
1.7446978791516607,-0.8063618710402358
1.7486994797919169,-0.14410337591568123
1.752701080432173,0.4157997219957576
1.756702681072429,0.49366121571567534
1.7607042817126852,-0.8549438492401709
1.7647058823529413,-0.370873842157175
1.7687074829931972,-0.49247519702263554
1.7727090836334534,-1.0703525888206784
1.7767106842737095,-1.4398742446062545
1.7807122849139656,-2.5127471100278225
1.7847138855542217,-1.060111759612972
1.7887154861944778,-2.3825770174219008
1.792717086834734,-1.6736714293412283
1.79671868747499,-0.9871418767397652
1.8007202881152462,0.10351932813107587
1.8047218887555023,0.711250825405141
1.8087234893957584,0.9516020977673351
1.8127250900360146,1.93836401473084
1.8167266906762707,1.3094325365191848
1.8207282913165266,1.4086721897404644
1.8247298919567827,1.3345123284347231
1.8287314925970388,1.4677231938769053
1.832733093237295,0.9857714052986704
1.836734693877551,0.6102729209455173
1.8407362945178072,0.16472435869214974
1.8447378951580633,-0.4929050373204757
1.8487394957983194,-0.5875248954079123
1.8527410964385755,-0.40991250856802025
1.8567426970788317,-0.3439573161334962
1.8607442977190878,-0.14250542520929554
1.864745898359344,-0.4767959357649538
1.8687474989996,-0.7126369904602429
1.872749099639856,-1.4431652673911004
1.876750700280112,-1.2192928005572283
1.8807523009203682,-2.159135981459801
1.8847539015606243,-2.507738178071278
1.8887555022008804,-1.9409210169750004
1.8927571028411365,-1.490459298302837
1.8967587034813926,-0.9793876698185561
1.9007603041216488,0.1637115960702245
1.9047619047619049,-0.056620219436250896
1.908763505402161,1.5327389531716253
1.9127651060424171,2.446543511862116
1.9167667066826732,2.0018923922112957
1.9207683073229291,1.883760493123709
1.9247699079631853,1.2648675099822524
1.9287715086034414,1.7937888366955128
1.9327731092436975,0.9168977521198985
1.9367747098839536,-0.03494470423462204
1.9407763105242097,-0.531226373244976
1.9447779111644659,0.8306329124210854
1.948779511804722,-0.8200133293679679
1.952781112444978,-0.02685305005724753
1.9567827130852342,-0.45406554796516874
1.9607843137254903,0.44042601390270997
1.9647859143657465,0.028689198165286145
1.9687875150060026,-0.8187724651252665
1.9727891156462585,-1.5009395596305448
1.9767907162865146,-1.8798887534467519
1.9807923169267707,-2.076720531893438
1.9847939175670268,-2.288025954147776
1.988795518207283,-1.7855234366908137
1.992797118847539,-0.9854385757576853
1.9967987194877952,-0.7782440291823374
2.000800320128051,0.08222418231016071
2.0048019207683074,1.1403694662650303
2.0088035214085633,1.0869605697782228
2.0128051220488197,2.1427904138975373
2.0168067226890756,1.68345206370953
2.020808323329332,1.5458786068094459
2.024809923969588,1.1189985489809315
2.028811524609844,1.2812996737135258
2.0328131252501,0.9102049520120056
2.0368147258903564,0.868101601480248
2.0408163265306123,-0.05502388773350775
2.0448179271708686,0.5050986618336413
2.0488195278111245,0.014117397654982794
2.0528211284513804,0.13995443341634622
2.0568227290916368,-0.3553699021895622
2.0608243297318927,-0.38877102469074054
2.064825930372149,-0.1588389595642843
2.068827531012405,-0.511336228543717
2.0728291316526612,-1.388765945621799
2.076830732292917,-1.8883588155670763
2.0808323329331735,-2.092052064329389
2.0848339335734294,-1.807098668720578
2.0888355342136857,-1.8848240704352222
2.0928371348539416,-0.9647044011450603
2.096838735494198,-0.8131055981662599
2.100840336134454,0.23355404149609588
2.1048419367747098,0.9355335659756436
2.108843537414966,2.2146183594980577
2.112845138055222,2.8032455888422314
2.1168467386954783,2.617324161798461
2.1208483393357342,2.3157836868854806
2.1248499399759906,1.9574585139136702
2.1288515406162465,1.37488322400698
2.132853141256503,0.8054596422804229
2.1368547418967587,1.194315299276801
2.140856342537015,0.06921396614909703
2.144857943177271,0.4691503665572822
2.1488595438175273,0.02428954444496094
2.152861144457783,0.5501260256546434
2.156862745098039,0.8381096988803787
2.1608643457382954,-0.3870284568812191
2.1648659463785513,-0.47590305776478503
2.1688675470188077,-0.5257203135624133
2.1728691476590636,-1.2362971080612515
2.17687074829932,-1.2762284288872654
2.180872348939576,-2.2906441900362986
2.184873949579832,-2.1005818695430705
2.188875550220088,-2.835283397121809
2.1928771508603444,-1.291283601281907
2.1968787515006003,-0.9528925928341023
2.2008803521408566,0.8427490375110515
2.2048819527811125,0.8879125485305558
2.2088835534213684,1.6729074332436107
2.212885154061625,1.9288370834760298
2.2168867547018807,3.0187955680691934
2.220888355342137,1.9867189276812818
2.224889955982393,1.7746706251281197
2.2288915566226493,1.6077500307439307
2.232893157262905,0.39111363420413237
2.2368947579031615,0.0069370168479522265
2.2408963585434174,0.248193166716432
2.2448979591836737,-0.3142349620107632
2.2488995598239296,-0.3760889681176999
2.252901160464186,0.10749668767421239
2.256902761104442,0.03955046889380953
2.2609043617446978,-0.6081995060735561
2.264905962384954,-0.36512233792429116
2.26890756302521,-1.292046940605578
2.2729091636654664,-0.7454297980045317
2.2769107643057223,-1.113468736054446
2.2809123649459786,-1.6950772799481746
2.2849139655862345,-2.305856545304998
2.288915566226491,-1.7855305256952252
2.2929171668667467,-0.9180038215467499
2.296918767507003,-0.478945449505063
2.300920368147259,-0.6940645399191443
2.3049219687875153,1.5130272151583295
2.308923569427771,2.098745854184032
2.312925170068027,1.5731137990607114
2.3169267707082835,2.3968806396783746
2.3209283713485394,1.4473707813930394
2.3249299719887957,1.9313472832043665
2.3289315726290516,1.0221526738306415
2.332933173269308,0.4385681387454302
2.336934773909564,0.2976862405550381
2.34093637454982,-0.43868841350189725
2.344937975190076,-0.058828453545707315
2.3489395758303324,0.14386599665063976
2.3529411764705883,0.5679883970976245
2.356942777110844,0.20255323591599445
2.3609443777511006,-0.19607841501375822
2.3649459783913565,0.9685670288686347
2.368947579031613,-0.8600904923198938
2.3729491796718687,-1.3525009158303876
2.376950780312125,-1.5558173436814375
2.380952380952381,-1.530232326015192
2.3849539815926373,-2.263727406328421
2.388955582232893,-2.1255888740935727
2.3929571828731495,-1.4610699567756527
2.3969587835134054,-1.1339480569046758
2.4009603841536618,-0.13091389557596964
2.4049619847939177,1.593710927323925
2.4089635854341735,2.1378762973014247
2.41296518607443,1.4339071943167294
2.416966786714686,1.8090427115837127
2.420968387354942,1.2802327956470103
2.424969987995198,1.188098839575768
2.4289715886354544,1.6465178220975139
2.4329731892757103,1.2575359632291205
2.4369747899159666,0.9239148566495249
2.4409763905562225,-0.22796940254785497
2.444977991196479,-0.49477477715080753
2.4489795918367347,-0.283304320670539
2.452981192476991,0.029320227578554958
2.456982793117247,0.4426122209237036
2.460984393757503,-0.5547196352465008
2.4649859943977592,-0.5023281498822055
2.468987595038015,-0.5163390864881018
2.4729891956782715,-1.399915704984177
2.4769907963185274,-1.470278651735145
2.4809923969587837,-1.7221086476069587
2.4849939975990396,-2.490374568078819
2.488995598239296,-1.920730725070975
2.492997198879552,-1.6334978573648726
2.496998799519808,-0.7110393316115935
2.501000400160064,1.025324293665629
2.5050020008003204,0.8934790139947812
2.5090036014405763,0.4606622788572262
2.5130052020808322,2.298027683571615
2.5170068027210886,2.5030523795843376
2.5210084033613445,1.6699205070006133
2.525010004001601,1.5604541107033352
2.5290116046418567,1.3511356107091541
2.533013205282113,0.10984333300890003
2.537014805922369,0.9427340185892663
2.5410164065626253,0.5629890449841009
2.545018007202881,-0.3262118047450674
2.5490196078431375,0.026420634898583123
2.5530212084833934,-0.05091188511277922
2.5570228091236498,0.7340912261185157
2.5610244097639057,-0.15783110696813896
2.5650260104041616,-0.21512042160464295
2.569027611044418,-1.245607938083607
2.573029211684674,-1.2660497704805462
2.57703081232493,-1.5766950097828587
2.581032412965186,-1.4296839844791607
2.5850340136054424,-1.0511858299106618
2.5890356142456983,-1.1468324421662661
2.5930372148859546,-1.998804996181276
2.5970388155262105,-1.022056818548208
2.601040416166467,-0.1797426286247163
2.6050420168067228,1.2029729299971836
2.609043617446979,0.9936322301922733
2.613045218087235,2.6249828720795327
2.617046818727491,1.838151077523181
2.6210484193677472,2.3733616576227625
2.625050020008003,1.8917966026536415
2.6290516206482595,1.056763432721815
2.6330532212885154,0.3607167986773032
2.6370548219287717,0.11753908784022038
2.6410564225690276,-0.7442778785589481
2.645058023209284,-0.4980201729236258
2.64905962384954,-0.6558878175103883
2.653061224489796,-0.5101537978910646
2.657062825130052,0.36010614062988733
2.6610644257703084,-0.34992719656722526
2.6650660264105643,-0.8626844961471215
2.6690676270508202,-1.4118134159207432
2.6730692276910766,-1.8370678258444464
2.6770708283313325,-2.2575220529318885
2.681072428971589,-2.0558077937865185
2.6850740296118447,-2.7393215452423765
2.689075630252101,-0.8145696769566472
2.693077230892357,-0.649438724893371
2.6970788315326133,-1.0596149516647297
2.701080432172869,0.4852192429860236
2.7050820328131255,0.2992984711766499
2.7090836334533814,0.7538832006607542
2.7130852340936378,1.9288820624206988
2.7170868347338937,2.0225765222143175
2.7210884353741496,1.5042141791228834
2.725090036014406,1.31394399872854
2.729091636654662,1.395692030119397
2.733093237294918,-0.11535204500904028
2.737094837935174,-0.05607363539953536
2.7410964385754304,-0.6303158834587453
2.7450980392156863,-0.7729663091517593
2.7490996398559426,-0.08317268892264164
2.7531012404961985,-0.1564096380920924
2.757102841136455,-0.28022044261229107
2.7611044417767108,-0.48660175007757234
2.765106042416967,-0.721215915954037
2.769107643057223,-1.4431797186139406
2.773109243697479,-1.5017259390286954
2.7771108443377353,-1.8559785710735515
2.781112444977991,-2.234792661895115
2.7851140456182475,-1.7005587506796263
2.7891156462585034,-1.2139978930137503
2.7931172468987597,-1.477702796279222
2.7971188475390156,0.31612775631976536
2.801120448179272,0.5474953768350145
2.805122048819528,1.588852187725778
2.809123649459784,1.4077808375746415
2.81312525010004,1.8610404139312502
2.817126850740296,2.497748396400559
2.8211284513805523,2.3248082329660726
2.8251300520208082,1.5643067320258626
2.8291316526610646,0.8513878418411736
2.8331332533013205,0.28504064544306507
2.837134853941577,0.40803910205559957
2.8411364545818327,-0.11739884065326378
2.845138055222089,1.3707140526416919
2.849139655862345,-0.14471123853768247
2.8531412565026013,-0.14432365498902544
2.857142857142857,-0.3312319256387526
2.8611444577831135,-0.33770720465973403
2.8651460584233694,-0.6535401931837627
2.8691476590636253,-1.0001589638415138
2.8731492597038817,-1.0517991830795426
2.8771508603441376,-2.202643126450889
2.881152460984394,-2.15268422491328
2.88515406162465,-1.6144788334458662
2.889155662264906,-1.9203018290853984
2.893157262905162,-0.9468754156462322
2.8971588635454184,-0.22560175790521303
2.9011604641856743,-0.5031905082083811
2.9051620648259306,0.7736124639082785
2.9091636654661865,2.589607810704294
2.913165266106443,1.8173118213057555
2.917166866746699,1.2559207074348158
2.9211684673869547,2.742508091851824
2.925170068027211,1.3449093020062397
2.929171668667467,1.2102972471735196
2.9331732693077233,0.6618183443626231
2.937174869947979,0.7865674244766437
2.9411764705882355,-0.3581696118987479
2.9451780712284914,-0.14469241883317852
2.9491796718687477,1.0206392890747826
2.9531812725090036,-0.38053875199513704
2.95718287314926,-0.007951140936935275
2.961184473789516,0.02398355656179718
2.9651860744297722,0.1340009926000234
2.969187675070028,-1.1585033869010442
2.973189275710284,-1.5563788780848358
2.9771908763505404,-1.202675725183132
2.9811924769907963,-1.7848468755246216
2.9851940776310526,-2.3272099308235066
2.9891956782713085,-1.9957686692456198
2.993197278911565,-1.7096102258164851
2.9971988795518207,-0.6842701739701018
3.001200480192077,0.4411842896300432
3.005202080832333,0.6335464241157684
3.0092036814725893,1.4052113060657523
3.013205282112845,1.5365388727341727
3.0172068827531016,2.5778572246130063
3.0212084833933575,1.738148612975126
3.0252100840336134,1.8101180994925659
3.0292116846738697,1.3769338267934084
3.0332132853141256,0.6428497150345397
3.037214885954382,-0.20672902046925878
3.041216486594638,0.5234898800496619
3.045218087234894,-0.4298409797316291
3.04921968787515,1.1176333884436958
3.0532212885154064,0.2151231385363437
3.0572228891556623,0.03938990579573165
3.0612244897959187,-0.20892894456938482
3.0652260904361746,-0.8331989780987002
3.069227691076431,-0.45620275126310605
3.073229291716687,-1.4195506106805
3.0772308923569427,-1.4330614660819545
3.081232492997199,-1.854218338345131
3.085234093637455,-2.9943468047678605
3.0892356942777113,-1.6017956503389172
3.093237294917967,-1.5402758342366831
3.0972388955582235,-0.6272523674501966
3.1012404961984794,-0.17835451801959054
3.1052420968387358,0.7300112589087826
3.1092436974789917,1.2182580155670844
3.113245298119248,2.3120788643535737
3.117246898759504,3.257712518015768
3.1212484993997602,1.739996449487304
3.125250100040016,1.2726169750878362
3.129251700680272,1.3393703361831806
3.1332533013205284,0.21588406003917793
3.1372549019607843,0.39787185411270876
3.1412565026010406,-0.036708088289009955
3.1452581032412965,-0.5590222390759279
3.149259703881553,-0.07398548231355875
3.1532613045218087,0.46502358903061747
3.157262905162065,0.47069335311324606
3.161264505802321,0.024469022221242143
3.1652661064425773,-0.6507417291219486
3.1692677070828332,-0.4031727271370654
3.1732693077230896,-1.3070354998597944
3.1772709083633455,-2.2184147172272466
3.1812725090036014,-2.01529599262052
3.1852741096438577,-1.1430425973756084
3.1892757102841136,-1.8581685353734068
3.19327731092437,-0.29616539515089557
3.197278911564626,-0.4210544076220796
3.201280512204882,0.31052289421723145
3.205282112845138,1.2105768045029728
3.2092837134853944,1.5016344819014835
3.2132853141256503,1.5197809088390086
3.2172869147659067,1.3150086596156982
3.2212885154061626,0.8356959037730889
3.225290116046419,1.144455311236983
3.229291716686675,0.4403207251738086
3.2332933173269307,0.24848366779367248
3.237294917967187,0.8641145762380894
3.241296518607443,-0.39751305969261147
3.2452981192476993,0.10593282163011242
3.249299719887955,-0.59817272008533
3.2533013205282115,0.3918164328361389
3.2573029211684674,0.4411597534748501
3.2613045218087238,-0.12388074617382727
3.2653061224489797,-0.4431093439180338
3.269307723089236,-1.4357088089157677
3.273309323729492,-0.9212081643490044
3.2773109243697482,-1.3105894346815194
3.281312525010004,-1.4070850914799435
3.28531412565026,-2.714893658271728
3.2893157262905164,-1.8725066821410548
3.2933173269307723,-0.9573366810189003
3.2973189275710286,-0.2488628452822933
3.3013205282112845,1.3534373958713297
3.305322128851541,0.7384045481699277
3.3093237294917968,1.0128109447028169
3.313325330132053,2.3185696027286107
3.317326930772309,1.8423591641899908
3.3213285314125653,2.3935405410845467
3.3253301320528212,1.841604618316392
3.3293317326930776,0.7765705701722523
3.3333333333333335,0.9932539272252547
3.3373349339735894,0.6962994373774581
3.3413365346138457,-0.2987302671576499
3.3453381352541016,0.2540987596767681
3.349339735894358,-0.3649044598944749
3.353341336534614,-0.5152794581902769
3.35734293717487,-0.23494833157644912
3.361344537815126,-1.4738267305301016
3.3653461384553824,-1.1875671365510594
3.3693477390956383,-1.0915736586246867
3.3733493397358947,-1.021370513691553
3.3773509403761506,-2.359118405390612
3.3813525410164065,-2.7783869447480427
3.385354141656663,-0.969055703382991
3.3893557422969187,-2.1754813662224275
3.393357342937175,-0.9291412134807918
3.397358943577431,-0.5818793828432434
3.4013605442176873,0.07837431134336154
3.405362144857943,0.424917725631356
3.4093637454981995,1.7505871890480047
3.4133653461384554,1.983615097230956
3.417366946778712,1.7521432465774702
3.4213685474189677,2.279866858162123
3.425370148059224,2.052292959746898
3.42937174869948,0.2264566431153593
3.433373349339736,0.26171273978496923
3.437374949979992,-0.606284755905968
3.441376550620248,0.4994346678701619
3.4453781512605044,-0.49145252614059426
3.4493797519007603,0.38399805328297365
3.4533813525410166,-0.09312440152327911
3.4573829531812725,0.2777813294537101
3.461384553821529,-1.3513117482738328
3.4653861544617848,-0.44544559842717335
3.469387755102041,-0.44298443396196485
3.473389355742297,-1.3026624890824114
3.4773909563825534,-1.7022939649025126
3.4813925570228093,-1.8542987442562997
3.485394157663065,-1.871721240094066
3.4893957583033215,-1.0694546591809921
3.4933973589435774,-1.4108093413030278
3.4973989595838337,0.32692831960554736
3.5014005602240896,0.9652702272587924
3.505402160864346,0.48181971387337014
3.509403761504602,2.6021286982426677
3.513405362144858,1.8810077753365448
3.517406962785114,1.7016655803047278
3.5214085634253705,2.0999368256991375
3.5254101640656264,0.44036397724520754
3.5294117647058827,1.6947690192781164
3.5334133653461386,0.5574019700225976
3.5374149659863945,0.4913606379712221
3.541416566626651,-1.1465881543295702
3.5454181672669067,-0.17062433581769643
3.549419767907163,-0.29588662094748064
3.553421368547419,-0.46412312248564525
3.5574229691876753,0.4332588635736433
3.561424569827931,-0.32131915457071436
3.5654261704681876,-1.1036066703049263
3.5694277711084434,-1.160936907447971
3.5734293717487,-0.16989627334378407
3.5774309723889557,-0.7225344155705822
3.581432573029212,-1.404467276702528
3.585434173669468,-1.8219625252881424
3.589435774309724,-2.2657585506680737
3.59343737494998,-2.656866971455678
3.597438975590236,-0.6738388601680433
3.6014405762304924,0.6853506966609315
3.6054421768707483,0.3152112284852343
3.6094437775110046,1.439935732030127
3.6134453781512605,1.9720860934203772
3.617446978791517,2.1876322103138044
3.621448579431773,1.9239592889233543
3.625450180072029,1.9698110650170553
3.629451780712285,0.7592006655638848
3.6334533813525414,0.8401524692706526
3.6374549819927973,0.40413647012354426
3.641456582633053,0.04498356269791903
3.6454581832733095,-0.09519033752328904
3.6494597839135654,-0.21523219917067854
3.6534613845538217,0.3178511776444097
3.6574629851940776,-0.7268332042466655
3.661464585834334,-0.05597239320372338
3.66546618647459,-1.9395013206281198
3.6694677871148462,-0.14197619996341748
3.673469387755102,-1.8403561830652404
3.6774709883953585,-1.4297261297264494
3.6814725890356144,-1.736760743556427
3.6854741896758707,-1.7751193537554237
3.6894757903161266,-1.85868116571793
3.6934773909563825,-0.891705598541908
3.697478991596639,-0.476034984196829
3.7014805922368947,-0.04617529252048527
3.705482192877151,0.9699638916009684
3.709483793517407,0.9086639593493674
3.7134853941576633,2.0712437273287234
3.717486994797919,2.427228489920765
3.7214885954381756,1.8609655118917479
3.7254901960784315,1.032387433686265
3.729491796718688,0.2392160708117549
3.7334933973589437,0.8718101064934329
3.7374949979992,0.7559310003813077
3.741496598639456,-0.042901775956169064
3.745498199279712,-0.22283728644512102
3.749499799919968,0.08940725996274151
3.753501400560224,0.08185552550945047
3.7575030012004804,0.4051341289938782
3.7615046018407363,-0.094851898835833
3.7655062024809927,0.4695219952739249
3.7695078031212486,-1.1054973453790111
3.773509403761505,-1.2309960451320727
3.777511004401761,-1.58096253814404
3.781512605042017,-1.4769306033568643
3.785514205682273,-2.0985715187581144
3.7895158063225294,-1.3482781059257838
3.7935174069627853,-0.6270165895721478
3.797519007603041,-0.783592774485756
3.8015206082432975,-0.18409557960113332
3.8055222088835534,0.7966606129680714
3.8095238095238098,1.4624810434508193
3.8135254101640657,2.2680423114458654
3.817527010804322,1.675648588829828
3.821528611444578,2.8484036306272613
3.8255302120848342,2.0362909603198136
3.82953181272509,0.7468599211895964
3.8335334133653465,0.5689911104347152
3.8375350140056024,-0.21300460891556994
3.8415366146458583,0.4575298138978313
3.8455382152861146,-0.42445894702951364
3.8495398159263705,-0.7228853347714373
3.853541416566627,-0.13510885143506818
3.8575430172068828,-1.4019874354628725
3.861544617847139,-0.11567013475291488
3.865546218487395,-1.3436480225971028
3.8695478191276513,-0.8494932291093716
3.8735494197679072,-1.1007767959377093
3.8775510204081636,-1.6108782608386147
3.8815526210484195,-2.908738332053012
3.885554221688676,-2.2325717022308718
3.8895558223289317,-1.1003224842993662
3.8935574229691876,-0.6214972149538914
3.897559023609444,-0.48081235164823927
3.9015606242497,-0.364986105043945
3.905562224889956,1.1375336038735733
3.909563825530212,1.6531227937089834
3.9135654261704684,1.0601751041420648
3.9175670268107243,2.233933277206908
3.9215686274509807,2.2866550711596894
3.9255702280912366,1.2910034560493993
3.929571828731493,1.1040936566018245
3.933573429371749,0.7776254995290539
3.937575030012005,0.48271032241034195
3.941576630652261,1.1913828332734286
3.945578231292517,0.601577718078561
3.9495798319327733,-0.15485909081038604
3.953581432573029,0.34644294990460717
3.9575830332132855,-0.23167489669719088
3.9615846338535414,0.08958126057101401
3.9655862344937978,0.3431339484441428
3.9695878351340537,0.03145274138290244
3.97358943577431,-1.5443273371070905
3.977591036414566,-2.5743131722869528
3.9815926370548222,-1.8024009713262816
3.985594237695078,-2.07882871166745
3.9895958383353345,-1.922235676436726
3.9935974389755904,-1.78189690491038
3.9975990396158463,-0.3991920697518795
4.001600640256102,-0.25225596465573324
4.0056022408963585,1.2619249978700475
4.009603841536615,2.1082314825768784
4.013605442176871,2.0819584847101167
4.017607042817127,2.0334950544022243
4.021608643457383,1.345738303259114
4.025610244097639,1.1448118391701154
4.029611844737896,0.9546605968766206
4.033613445378151,0.1453694978547223
4.0376150460184075,0.04116606498736697
4.041616646658664,0.1227832791579806
4.04561824729892,0.03266026845640191
4.049619847939176,-0.64421256565023
4.053621448579432,0.22887746581524948
4.057623049219688,-0.49501728888466623
4.061624649859944,-0.36923616628552147
4.0656262505002,-1.7028450975366312
4.069627851140456,-0.11170610817046123
4.073629451780713,-1.2091895123159369
4.077631052420968,-1.8554386385922323
4.081632653061225,-1.7080436624519315
4.085634253701481,-2.5325516105445676
4.089635854341737,-0.9935804188740064
4.093637454981993,-2.04144179342783
4.097639055622249,-0.6150607232424117
4.101640656262505,0.07449633455170696
4.105642256902761,1.4620943121718484
4.109643857543017,1.632463199229242
4.1136454581832735,2.1755885161236526
4.11764705882353,1.7543518948970607
4.121648659463785,1.441788842383734
4.125650260104042,2.081777062983316
4.129651860744298,1.0041087498376653
4.133653461384554,0.926048365770954
4.13765506202481,0.8155438339899403
4.141656662665066,-0.2417957689130817
4.1456582633053225,0.18329551642381597
4.149659863945578,-1.1624038021111378
4.153661464585834,0.39684688891867337
4.157663065226091,-0.08844437822796891
4.161664665866347,-0.7356633725078229
4.165666266506602,-0.6434121506076991
4.169667867146859,-1.2169682787158358
4.173669467787115,-0.8291978735369769
4.1776710684273715,-2.089375982812234
4.181672669067627,-1.8075883504117265
4.185674269707883,-1.7413708656561153
4.18967587034814,-1.2877689569017337
4.193677470988396,-0.5644281985877888
4.197679071628651,-0.32308641698230894
4.201680672268908,-0.024660207557559627
4.205682272909164,1.4990610118987493
4.2096838735494195,1.8375647925800127
4.213685474189676,2.143801871498998
4.217687074829932,1.3641859484101462
4.221688675470189,1.6835021693751395
4.225690276110444,0.8150288236171835
4.2296918767507,1.4964435997767094
4.233693477390957,1.3897920798677879
4.237695078031213,-0.1890140078824858
4.2416966786714685,0.17761548167625307
4.245698279311725,0.60237795735307
4.249699879951981,-1.1348365827363542
4.253701480592237,-0.3684931089851867
4.257703081232493,-0.31690692218650673
4.261704681872749,-0.7077857234889605
4.265706282513006,-0.190739040268038
4.269707883153261,-1.3130438628104184
4.2737094837935174,-0.8653457875303321
4.277711084433774,-1.1516708830694826
4.28171268507403,-1.9832027522457665
4.285714285714286,-1.2822124907389827
4.289715886354542,-2.2381100780425167
4.293717486994798,-1.0302408623545556
4.297719087635055,-0.16388676186910472
4.30172068827531,0.5297832674549697
4.305722288915566,1.422462527949099
4.309723889555823,0.8320409695794925
4.313725490196078,2.4568265292898137
4.3177270908363345,2.35224247400261
4.321728691476591,1.0509772053940654
4.325730292116847,1.9473308605215716
4.329731892757103,-0.06976427745179742
4.333733493397359,1.2029152402900098
4.337735094037615,0.5289876662251083
4.341736694677872,-0.4342815082126382
4.345738295318127,0.1785980764484003
4.3497398959583835,-0.45385264999615993
4.35374149659864,-0.026441040298904095
4.357743097238895,0.9902526036266966
4.361744697879152,-0.22596211720169723
4.365746298519408,-0.8606598693544649
4.369747899159664,-0.46072466511821397
4.37374949979992,-1.8067343711829218
4.377751100440176,-0.9122131934041403
4.3817527010804325,-2.1514313107889578
4.385754301720689,-1.6448256177845995
4.389755902360944,-1.6344028612796087
4.393757503001201,-0.9582665106125714
4.397759103641457,-0.22436868490029366
4.401760704281713,0.6582960113347128
4.405762304921969,1.010735873493012
4.409763905562225,2.30736548353943
4.413765506202481,2.5126754476967474
4.417767106842737,2.5132526180837855
4.421768707482993,0.9719403132729076
4.42577030812325,1.1123544029046089
4.429771908763506,1.2045611385239308
4.433773509403761,1.2161718718703027
4.437775110044018,0.29308039131418007
4.441776710684274,0.3296183342496807
4.44577831132453,0.50291378429552
4.449779911964786,-0.09415696128240544
4.453781512605042,0.054785277612619254
4.4577831132452985,-0.7096024328731296
4.461784713885554,0.9047923466537955
4.46578631452581,-1.5599695027380163
4.469787915166067,-1.0831112786533705
4.473789515806323,-2.087942816393344
4.4777911164465785,-2.753686966460487
4.481792717086835,-2.162280954063743
4.485794317727091,-1.7262512955193414
4.4897959183673475,-1.832700890854126
4.493797519007603,-0.5846834071123113
4.497799119647859,-0.325956897560587
4.501800720288116,0.18370391219633267
4.505802320928372,0.06124017900985779
4.509803921568627,1.863099297569168
4.513805522208884,1.8752221696123574
4.51780712284914,2.28176496031239
4.5218087234893956,2.4877998094687754
4.525810324129652,1.4178295365764297
4.529811924769908,0.18343679401930701
4.533813525410165,0.6221011787160533
4.53781512605042,0.036100397319666855
4.541816726690676,0.01812018010181815
4.545818327330933,-0.43471380272394045
4.549819927971189,-0.43279114731538926
4.5538215286114445,-0.09338494725171115
4.557823129251701,-0.3381556338427004
4.561824729891957,-0.48733268862550405
4.565826330532213,-1.1977549896303255
4.569827931172469,-0.4622780322634994
4.573829531812725,-1.3114354480542214
4.577831132452982,-2.354794102992414
4.581832733093237,-1.5156581525317747
4.5858343337334935,-1.8474177822912532
4.58983593437375,-1.7211504500906822
4.593837535014006,-2.132499750007021
4.597839135654262,-0.2615482411057002
4.601840736294518,0.35453299423109597
4.605842336934774,1.7586865324264882
4.609843937575031,1.6086692519841146
4.613845538215286,1.5203448505377524
4.617847138855542,1.5818705020159558
4.621848739495799,1.0796251808718464
4.625850340136054,1.3954037574743454
4.629851940776311,1.0043423785459005
4.633853541416567,0.565987313634004
4.637855142056823,-0.25429479897125407
4.641856742697079,-0.29538993009127446
4.645858343337335,0.017716644666509462
4.649859943977591,0.8253902926777608
4.653861544617848,-0.8692928355872251
4.657863145258103,0.2978750311224528
4.6618647458983595,0.270422666826162
4.665866346538616,-0.6770817286599111
4.669867947178871,-1.0278397332244273
4.673869547819128,-2.390820388407795
4.677871148459384,-1.0211579158862887
4.68187274909964,-2.217232207122505
4.685874349739896,-1.9985334671950288
4.689875950380152,-1.8882744570280978
4.6938775510204085,-0.9713277863489692
4.697879151660665,-0.4771927466690469
4.70188075230092,0.22610722817244178
4.705882352941177,1.5313656757589178
4.709883953581433,0.8334752454183847
4.713885554221688,1.9817586501324675
4.717887154861945,1.3799512911644025
4.721888755502201,1.6975683843271057
4.7258903561424574,1.05505277750038
4.729891956782713,1.7688331128399777
4.733893557422969,1.4400451483330357
4.737895158063226,0.28194140436973836
4.741896758703482,0.1028562549565204
4.745898359343737,-0.456963183265329
4.749899959983994,0.02575740714348715
4.75390156062425,-0.19703690314100886
4.757903161264506,-0.9535321073858318
4.761904761904762,-0.42302214491906576
4.765906362545018,-0.10020563325477183
4.7699079631852745,-0.11519487658557026
4.77390956382553,-1.7584137848848556
4.777911164465786,-2.332771809017459
4.781912765106043,-1.910312068829794
4.785914365746299,-1.7786064629982794
4.7899159663865545,-1.9929309481348167
4.793917567026811,-1.1508474053992568
4.797919167667067,-0.6394057669633402
4.8019207683073235,0.6796045499799415
4.805922368947579,1.7720807533850957
4.809923969587835,2.2699118881738687
4.813925570228092,1.557539051932968
4.817927170868347,1.8516550661904927
4.821928771508603,1.9693063436444926
4.82593037214886,1.9865618475644533
4.829931972789116,1.8367774944149207
4.833933573429372,0.3376680551750938
4.837935174069628,1.302362744446874
4.841936774709884,0.5959508678388599
4.845938375350141,0.24699262194130045
4.849939975990396,-1.1729414379148813
4.853941576630652,-0.3567784130995395
4.857943177270909,0.09253565367783856
4.861944777911165,0.1341183273602704
4.8659463785514205,-0.5308601821982756
4.869947979191677,-1.3004366759707224
4.873949579831933,-0.8660315483802771
4.877951180472189,-2.6670212942420024
4.881952781112445,-1.9189111920592634
4.885954381752701,-1.5943852763327844
4.889955982392958,-1.4223023120120573
4.893957583033213,-1.1065953624316736
4.8979591836734695,-0.9702105459014854
4.901960784313726,0.7058204680406424
4.905962384953982,1.5425361174262515
4.909963985594238,1.5352685239821913
4.913965586234494,2.402983522655846
4.91796718687475,1.4424636534751483
4.921968787515006,0.7273115992581607
4.925970388155262,1.9142482520390542
4.9299719887955185,1.524042888522742
4.933973589435775,0.4445724093852981
4.93797519007603,1.0373918912482922
4.941976790716287,-0.08789247793353983
4.945978391356543,-0.8275620942713577
4.949979991996799,-0.3034050999589509
4.953981592637055,0.7725074203569389
4.957983193277311,-0.38013950134162033
4.961984793917567,-0.3437254750623552
4.965986394557824,-0.8664884589157391
4.969987995198079,-0.8979858342761116
4.9739895958383356,0.08561499105437885
4.977991196478592,-1.8134899314492827
4.981992797118847,-2.036260804920421
4.985994397759104,-1.972695191362508
4.98999599839936,-1.985474809192942
4.993997599039616,-1.083089985767438
4.997999199679872,0.02341459046812064
5.002000800320128,0.5841222350824928
5.0060024009603845,1.759893347528322
5.010004001600641,1.9494994154757106
5.014005602240896,1.8257134785943758
5.018007202881153,1.934974923123138
5.022008803521409,2.2156117644938607
5.0260104041616644,1.2868812718710314
5.030012004801921,0.6643882695793524
5.034013605442177,0.7743848190158598
5.0380152060824335,-0.17550533971620152
5.042016806722689,-0.06980549858191276
5.046018407362945,-0.779583878197917
5.050020008003202,0.2606397861433595
5.054021608643458,0.1321376058341806
5.058023209283713,-0.33292846160266965
5.06202480992397,0.042148131903142594
5.066026410564226,-0.15835377552840746
5.070028011204482,0.30065494637828455
5.074029611844738,-1.3579741936616672
5.078031212484994,-1.538649175433501
5.082032813125251,-2.818658480989528
5.086034413765506,-1.963364742145484
5.090036014405762,-2.2392361991061582
5.094037615046019,-1.1281767974993504
5.098039215686275,-0.44854856946818605
5.1020408163265305,0.8931258070748516
5.106042416966787,0.7860635666337958
5.110044017607043,1.7052881653888576
5.1140456182472995,0.7113233419515825
5.118047218887555,1.123014256996516
5.122048819527811,2.5358652971291202
5.126050420168068,2.266968128479901
5.130052020808323,0.8365634401120288
5.1340536214485795,-0.11259217502656982
5.138055222088836,0.8150535597475774
5.142056822729092,-0.14889485637569166
5.146058423369348,0.9205077455898443
5.150060024009604,-0.9971909991674908
5.15406162464986,0.3592474991380481
5.158063225290117,0.39055119236578256
5.162064825930372,-0.3366267159249773
5.166066426570628,-1.828375069898247
5.170068027210885,-1.2748807031208822
5.17406962785114,-1.4539586867235996
5.178071228491397,-2.614765815435733
5.182072829131653,-2.3506010862986835
5.186074429771909,-1.3609281001090774
5.190076030412165,-0.8363182477961937
5.194077631052421,-1.0703286597393795
5.198079231692677,-0.4635126152419282
5.202080832332934,0.22696611492498636
5.206082432973189,0.7379793794846714
5.2100840336134455,0.7005860399753816
5.214085634253702,2.23790848640019
5.218087234893958,2.319805074838551
5.222088835534214,1.1788955886471066
5.22609043617447,1.8862691313017135
5.230092036814726,0.11028479398964819
5.234093637454982,0.12394534812220348
5.238095238095238,0.4186955925104986
5.2420968387354945,-0.10799311790924426
5.246098439375751,-0.4746570867081148
5.250100040016006,0.06600767637458413
5.254101640656263,0.2548382352102295
5.258103241296519,-0.5608395015354313
5.262104841936775,0.6151566197223325
5.266106442577031,-0.18175029745588422
5.270108043217287,-0.011947008710309515
5.274109643857543,-1.705060565795389
5.278111244497799,-1.6369013245123847
5.282112845138055,-2.2899503530796084
5.286114445778312,-1.8181433158203881
5.290116046418568,-1.4416550406785134
5.294117647058823,-1.311932610810313
5.29811924769908,-0.08611594364211017
5.302120848339336,0.3128617386651325
5.306122448979592,0.9070303560282635
5.310124049619848,1.5918664379432714
5.314125650260104,1.3417570045087175
5.3181272509003605,1.9926598940148657
5.322128851540617,1.6316463077701124
5.326130452180872,1.066534846495563
5.330132052821129,1.2135949185961548
5.334133653461385,0.42952015895840656
5.3381352541016405,0.23075709031790037
5.342136854741897,-0.9804087252327585
5.346138455382153,0.13369035485591851
5.3501400560224095,0.3203163050850069
5.354141656662665,0.08449506020187408
5.358143257302921,-0.24299198897907026
5.362144857943178,-0.5334254014483195
5.366146458583434,-1.2122484234776305
5.370148059223689,-0.1514640046475848
5.374149659863946,0.2589089773994848
5.378151260504202,-1.3041947400298846
5.382152861144458,-2.0870943777972943
5.386154461784714,-1.8528924457215852
5.39015606242497,-2.5039772066765127
5.394157663065227,-0.6780746384924781
5.398159263705482,-0.8519118351306407
5.402160864345738,0.5400576155893543
5.406162464985995,1.1905101974246355
5.410164065626251,2.1641240940430344
5.4141656662665065,1.4268438977734088
5.418167266906763,1.2916818455070853
5.422168867547019,1.180252450050354
5.4261704681872756,1.620458041036808
5.430172068827531,1.4315976883353745
5.434173669467787,0.5722468160884223
5.438175270108044,0.815667850818398
5.442176870748299,0.23851619392336854
5.4461784713885555,-0.09130737740467881
5.450180072028812,-0.014124409834905309
5.454181672669068,-0.6346178777257377
5.458183273309324,-0.33976285381554505
5.46218487394958,0.4092490172756654
5.466186474589836,-0.2353776945054048
5.470188075230093,-1.0023830551965118
5.474189675870348,-1.0475985917732715
5.4781912765106044,-1.0828335329438692
5.482192877150861,-1.2514804723341504
5.486194477791116,-2.2216392650222625
5.490196078431373,-0.8075360919319428
5.494197679071629,-0.9059550740745668
5.498199279711885,-0.4569014081164065
5.502200880352141,-0.08690703737360103
5.506202480992397,0.8210386450030035
5.510204081632653,2.7501833742305593
5.51420568227291,2.0163554019199745
5.518207282913165,2.4815986139577655
5.5222088835534215,2.221307305143264
5.526210484193678,1.0142147014640475
5.530212084833934,1.0180192345746086
5.53421368547419,0.9765302314304387
5.538215286114446,0.05024688154733736
5.542216886754702,-0.5138994015015484
5.546218487394958,-0.8086362822343021
5.550220088035214,-0.9557200850956505
5.5542216886754705,-0.09383759627461519
5.558223289315727,-0.9637005899122982
5.562224889955982,-1.0099310859801163
5.566226490596239,-0.35057420547801
5.570228091236495,-0.3323647614056097
5.574229691876751,-2.3348069269237
5.578231292517007,-1.8956120850039495
5.582232893157263,-1.212600409933887
5.5862344937975195,-1.4574715157840876
5.590236094437775,-2.457985146623625
5.594237695078031,-1.7364752136686983
5.598239295718288,-0.8248746554832576
5.602240896358544,-0.5486980299383779
5.606242496998799,1.3177532571730932
5.610244097639056,2.882132679672372
5.614245698279312,1.3231590954511485
5.618247298919568,1.7847194918692892
5.622248899559824,2.333035236898243
5.62625050020008,0.8124799911554152
5.630252100840337,1.6317380156856967
5.634253701480592,0.38325803097093103
5.638255302120848,0.03749455081022368
5.642256902761105,-0.827256120451059
5.646258503401361,-0.04952386686211968
5.6502601040416165,-0.6657996409302598
5.654261704681873,0.17394207867012584
5.658263305322129,-0.09265927938989149
5.6622649059623855,-0.30660161515293016
5.666266506602641,-0.9866329837437603
5.670268107242897,-1.6181211930623811
5.674269707883154,-0.6448255237766495
5.67827130852341,-2.107902081614719
5.6822729091636655,-2.1290006585357535
5.686274509803922,-2.079500172520217
5.690276110444178,-2.1360683248087193
5.694277711084434,-0.884877731736719
5.69827931172469,0.012511920514733404
5.702280912364946,0.17411798194570471
5.706282513005203,1.2251761117870341
5.710284113645458,1.5668018408758257
5.714285714285714,1.3258800859104505
5.718287314925971,1.842682996511523
5.722288915566227,0.9878836545977893
5.7262905162064826,1.2088797090570043
5.730292116846739,0.9292329470157625
5.734293717486995,1.2707564964977962
5.738295318127251,-0.2010726039601417
5.742296918767507,0.5212352075126669
5.746298519407763,-0.08522573908246611
5.75030012004802,-0.8445843801810486
5.754301720688275,0.4734749294002272
5.7583033213285315,-0.4493859733932122
5.762304921968788,-0.4576265381221063
5.766306522609044,-0.40838640879912025
5.7703081232493,-0.7430932722860304
5.774309723889556,-1.1828771501208193
5.778311324529812,-1.7296780349354761
5.782312925170069,-2.0477416553369463
5.786314525810324,-2.0999606421857657
5.7903161264505805,-1.2496833612700362
5.794317727090837,-1.695936506288838
5.798319327731092,-0.4814098125532266
5.802320928371349,1.3643547040305648
5.806322529011605,1.4558256588384468
5.810324129651861,0.9296608674019939
5.814325730292117,2.1638395140624436
5.818327330932373,2.394502936152834
5.822328931572629,1.3335211041460815
5.826330532212886,1.8847027232139955
5.830332132853141,0.569510918547996
5.834333733493398,0.5972194986831519
5.838335334133654,1.0361959217861147
5.842336934773909,-0.5628224077333125
5.846338535414166,-0.4824073551395112
5.850340136054422,0.16832234670502494
5.854341736694678,0.05968790318542805
5.858343337334934,-1.01158003721029
5.86234493797519,-0.3501438398637873
5.8663465386154465,-0.22617482477999873
5.870348139255703,-0.693632997758524
5.874349739895958,-1.9151188649225444
5.878351340536215,-1.5413675272484524
5.882352941176471,-2.0211763979695525
5.886354541816727,-2.3899855641943715
5.890356142456983,-2.049309217437593
5.894357743097239,-0.891981293332955
5.8983593437374955,-1.4382230682376056
5.902360944377751,-0.501176818828253
5.906362545018007,1.6248654421377844
5.910364145658264,1.45728182074263
5.91436574629852,2.2325929038585457
5.918367346938775,0.46334109264206136
5.922368947579032,1.4169456513279126
5.926370548219288,1.7858677468777793
5.9303721488595444,1.0191596875548246
5.9343737494998,1.5881958959541573
5.938375350140056,0.3929430198244682
5.942376950780313,-0.7376570052649245
5.946378551420568,-0.2308473007484456
5.950380152060824,-0.07350425979359358
5.954381752701081,0.6735084156264084
5.958383353341337,0.025307133703963647
5.9623849539815925,-0.06220129587562562
5.966386554621849,-0.05272298815265397
5.970388155262105,-1.2543483601615044
5.9743897559023615,-1.6273897760215301
5.978391356542617,-1.3610778321297696
5.982392957182873,-2.444017604741066
5.98639455782313,-1.4399196282876718
5.990396158463386,-1.3185356690050383
5.9943977591036415,-1.3202475925843808
5.998399359743898,-0.945485044269318
6.002400960384154,0.7559046780495497
6.00640256102441,0.5904556690254805
6.010404161664666,1.3998566920210467
6.014405762304922,1.2904527329390718
6.018407362945179,1.9705401286048954
6.022408963585434,2.17666340847609
6.02641056422569,1.1342077627734277
6.030412164865947,1.4284314051387592
6.034413765506203,0.7365325264233143
6.038415366146459,-0.029859143440187808
6.042416966786715,0.42999567148467466
6.046418567426971,-0.6721264234247479
6.050420168067227,0.1225031166989023
6.054421768707483,-0.04346459297222521
6.058423369347739,-0.23039539079883709
6.062424969987996,-0.7795442976022499
6.066426570628251,-0.7994188186655004
6.0704281712685075,-0.6989254182854738
6.074429771908764,-1.2786404941971787
6.07843137254902,-1.2634831806074642
6.082432973189276,-1.8551621087872845
6.086434573829532,-1.2005507559235813
6.090436174469788,-2.026494584421138
6.094437775110045,-0.21639525187717978
6.0984393757503,-0.8962962296679788
6.1024409763905565,0.11472352556129958
6.106442577030813,1.6999972179781002
6.110444177671068,1.0622753502115496
6.114445778311325,1.9332763188439555
6.118447378951581,1.4242565104035783
6.122448979591837,2.055687464302757
6.126450580232093,1.2387553552534296
6.130452180872349,0.8090754439509767
6.1344537815126055,0.6920123726681862
6.138455382152862,0.2705333884676906
6.142456982793117,-0.5927193321786578
6.146458583433374,-0.32915310358568595
6.15046018407363,-0.13126328767737724
6.154461784713885,-0.11515791369059547
6.158463385354142,0.7454639066852761
6.162464985994398,-0.34586734452952683
6.166466586634654,-0.812136929646718
6.17046818727491,-1.788055639397449
6.174469787915166,-2.1149127999051784
6.1784713885554225,-2.053347968462243
6.182472989195679,-2.1993397929357092
6.186474589835934,-1.750020282945237
6.190476190476191,-1.6998918193533592
6.194477791116447,-1.2761065805416756
6.1984793917567025,0.20309615251517896
6.202480992396959,0.9140982161636418
6.206482593037215,0.22974512082376208
6.2104841936774715,0.9229608347734856
6.214485794317727,2.8787175806652137
6.218487394957983,1.9488563135978259
6.22248899559824,1.4480827941159737
6.226490596238496,0.21163368198646507
6.230492196878751,0.47152528005743577
6.234493797519008,-0.050916142168230816
6.238495398159264,-0.14353217636629634
6.2424969987995205,-0.09702938224720825
6.246498599439776,0.19978930929571914
6.250500200080032,0.17964809638887225
6.254501800720289,0.3855340581243075
6.258503401360544,-0.008625551946579768
6.2625050020008,0.44856521982650066
6.266506602641057,-0.9262944560359784
6.270508203281313,-1.391055311735853
6.2745098039215685,-1.6282015847336178
6.278511404561825,-2.023151353816132
6.282513005202081,-0.7089732444690654
6.286514605842338,-0.9574344449122107
6.290516206482593,-2.5067936567797897
6.294517807122849,-1.6132683836067474
6.298519407763106,-0.370339278817426
6.302521008403361,0.5627874771538818
6.3065226090436175,2.0394498254659714
6.310524209683874,1.8555991903072457
6.31452581032413,1.4617984923814946
6.318527410964386,1.845746764710869
6.322529011604642,1.2560050279409685
6.326530612244898,0.7854169222923656
6.330532212885155,1.3564883368790421
6.33453381352541,0.009926178989947076
6.3385354141656665,-1.089389544570398
6.342537014805923,0.4216914414934997
6.346538615446179,-0.7623407954249568
6.350540216086435,0.5784579547870415
6.354541816726691,0.9684654483451165
6.358543417366947,-0.61480449147849
6.362545018007203,1.124017114093803
6.366546618647459,-0.9101309339222345
6.370548219287715,-0.7478843944748015
6.374549819927972,-2.2886405945794825
6.378551420568227,-1.6877429869958762
6.382553021208484,-1.949200109032842
6.38655462184874,-1.5543073241809964
6.390556222488996,-1.6286295408678577
6.394557823129252,-1.4008026479368025
6.398559423769508,-0.1790912214446147
6.402561024409764,-0.38846978872261484
6.40656262505002,1.4034205189029811
6.410564225690276,1.8523986814249607
6.4145658263305325,1.1673142232979568
6.418567426970789,1.6478899020291338
6.422569027611044,1.7741050604863053
6.426570628251301,1.6499233097224
6.430572228891557,0.5670089706133058
6.434573829531813,0.19090054750218544
6.438575430172069,0.1706062519245295
6.442577030812325,0.10695350478807653
6.4465786314525815,-0.2098501185326916
6.450580232092838,-1.1641854392859665
6.454581832733093,0.10590819977259369
6.45858343337335,-0.19320969770416485
6.462585034013606,-1.2062993684573349
6.466586634653861,-0.5851667772647806
6.470588235294118,-0.17262736876632906
6.474589835934374,-2.1243361878328586
6.47859143657463,-1.5780857637212822
6.482593037214886,-1.3054792354395306
6.486594637855142,-1.980048844718796
6.490596238495399,-1.2761090928892425
6.494597839135655,-0.03436440737904001
6.49859943977591,-0.5309588646064335
6.502601040416167,0.2948143316654727
6.506602641056423,1.45882192101692
6.5106042416966785,1.4875063095968186
6.514605842336935,2.2497761030574193
6.518607442977191,2.279037049012287
6.5226090436174475,2.1256798047047134
6.526610644257703,1.0037199931291527
6.530612244897959,0.7474366892992486
6.534613845538216,0.7893071961316105
6.538615446178472,1.0230870139828925
6.5426170468187275,0.10836512454426472
6.546618647458984,0.2742688726983662
6.55062024809924,-0.7934286580394724
6.5546218487394965,-0.280836651986649
6.558623449379752,0.002020735825955744
6.562625050020008,-0.3136188846812631
6.566626650660265,-0.6347185524612761
6.57062825130052,-0.8131805453878075
6.574629851940776,-0.8910806164662202
6.578631452581033,-1.9071540906534852
6.582633053221289,-2.3241568655193925
6.586634653861545,-1.4411928505313218
6.590636254501801,-1.395217697493513
6.594637855142057,-0.3928756889202487
6.598639455782314,-0.8265130501748168
6.602641056422569,0.52014722928202
6.606642657062825,1.4872487961529206
6.610644257703082,1.9868716108336393
6.614645858343337,1.9891332142905005
6.6186474589835935,1.4480346009125415
6.62264905962385,1.7794245931992614
6.626650660264106,1.114298951155507
6.630652260904362,0.1351081445668102
6.634653861544618,1.64412192382539
6.638655462184874,-0.06977658541709608
6.642657062825131,-0.10924382787955877
6.646658663465386,0.7189219784808509
6.6506602641056425,-0.5898825588430918
6.654661864745899,0.4411486000565254
6.658663465386155,-1.1570307377652114
6.662665066026411,-1.113588819841425
6.666666666666667,-0.2980577974194887
6.670668267306923,-1.6339679844535517
6.674669867947179,-1.5835161624444123
6.678671468587435,-0.9080171580465903
6.682673069227691,-2.400882086039023
6.686674669867948,-1.656987662881349
6.690676270508203,-1.62326224292695
6.69467787114846,-0.5245947255941555
6.698679471788716,-0.01068031892166077
6.702681072428972,0.5358930643511522
6.706682673069228,1.2183832954685059
6.710684273709484,1.3802254800057645
6.71468587434974,1.2145818654532756
6.718687474989996,1.6973111466432258
6.722689075630252,1.8591279845656925
6.7266906762705085,1.217328490618709
6.730692276910765,1.5774749415164846
6.73469387755102,0.8369166341306096
6.738695478191277,0.9170357732733632
6.742697078831533,0.30050926758363405
6.746698679471789,-0.5073772930862751
6.750700280112045,-0.7267477671742213
6.754701880752301,-0.2639752216362504
6.7587034813925575,0.06990742767065183
6.762705082032813,-0.8752822765862142
6.766706682673069,0.4808191336525143
6.770708283313326,-1.1645882504210907
6.774709883953582,-1.433150596206482
6.778711484593837,-1.3560462395582067
6.782713085234094,-2.5580782087224936
6.78671468587435,-0.6291398407827196
6.7907162865146065,-1.3637864677808627
6.794717887154862,-1.0035397557889518
6.798719487795118,-0.1508298104670299
6.802721088435375,-0.06627562384256563
6.806722689075631,0.9668380193590265
6.810724289715886,1.7027929474121817
6.814725890356143,1.3615640305815775
6.818727490996399,1.636157149553568
6.8227290916366545,1.9140196659782318
6.826730692276911,1.4470235071579922
6.830732292917167,1.111289482117492
6.834733893557424,0.4475761177262645
6.838735494197679,0.6995495975020276
6.842737094837935,-0.03958469416934829
6.846738695478192,0.4193064334269815
6.850740296118448,0.370933953578811
6.8547418967587035,-0.42309933939671496
6.85874349739896,-0.21586069709963907
6.862745098039216,-0.31030644161584386
6.866746698679472,-0.7800191322241488
6.870748299319728,-0.28828541849681044
6.874749899959984,-1.643734954293737
6.878751500600241,-1.9857302992416894
6.882753101240496,-2.049948927747559
6.8867547018807524,-2.9103179219885105
6.890756302521009,-0.9907501818112042
6.894757903161265,-0.9637762663435048
6.898759503801521,0.0009021667115176046
6.902761104441777,0.4209274126077178
6.906762705082033,0.5381676091515706
6.91076430572229,1.50266918195957
6.914765906362545,0.8842952660209785
6.918767507002801,2.271285918138175
6.922769107643058,2.2196570314019946
6.926770708283313,0.8288585627205912
6.9307723089235695,0.049294600004962996
6.934773909563826,1.2791323709358082
6.938775510204082,-0.16153487628006613
6.942777110844338,0.05240452445838706
6.946778711484594,0.2804159976903177
6.95078031212485,0.28950251165059715
6.954781912765107,-0.27630095398888016
6.958783513405362,0.398392476502593
6.9627851140456185,-0.08256462210642046
6.966786714685875,-1.269811870075832
6.97078831532613,-0.46996411925620024
6.974789915966387,-0.9838528741393655
6.978791516606643,-1.1861307097288991
6.982793117246899,-2.0806334428810906
6.986794717887155,-2.462614412444042
6.990796318527411,-1.7016098042344554
6.9947979191676675,-0.997692753859541
6.998799519807924,-0.4415285287533459
7.002801120448179,0.43999995349655496
7.006802721088436,1.72028518536123
7.010804321728692,1.3463237703541253
7.014805922368948,2.3489837337488115
7.018807523009204,1.854492598896408
7.02280912364946,2.439533409616526
7.026810724289716,1.5006910864387624
7.030812324929972,1.1256121013562277
7.034813925570228,0.62217932317503
7.038815526210485,-0.10564820309430512
7.042817126850741,0.5375756258225879
7.046818727490996,-0.2739906883848427
7.050820328131253,0.4688552205289173
7.054821928771509,-0.33709610804778567
7.058823529411765,-1.2740638668983595
7.062825130052021,0.474443541756164
7.066826730692277,-2.0009384747466785
7.0708283313325335,-0.6640215673391323
7.074829931972789,-2.421030832629061
7.078831532613045,-2.9662208259168867
7.082833133253302,-1.8096541965836694
7.086834733893558,-2.5604936281934094
7.0908363345338135,-1.719717622558706
7.09483793517407,-1.1383587582040222
7.098839535814326,-0.1059711664364516
7.1028411364545825,1.3584528430954166
7.106842737094838,1.821532306188765
7.110844337735094,1.4007619123919501
7.114845938375351,1.1937063623971746
7.118847539015607,1.9929136355652481
7.122849139655862,1.321968215767887
7.126850740296119,1.0123809306478162
7.130852340936375,0.4410849774210098
7.1348539415766306,-0.2305514549045965
7.138855542216887,0.8491330341064645
7.142857142857143,0.5097093300094658
7.1468587434974,-0.06392033991959428
7.150860344137655,-0.7658683992586672
7.154861944777911,0.29981193312423765
7.158863545418168,-0.17599593850028772
7.162865146058424,-0.18858776994944948
7.1668667466986795,-0.8303704550750999
7.170868347338936,-1.1684460459819968
7.174869947979192,-0.7552313738779702
7.178871548619448,-2.079936373164076
7.182873149259704,-2.031834068886002
7.18687474989996,-1.5090551260721254
7.190876350540217,-1.7716058347247179
7.194877951180472,-0.19037438170412752
7.1988795518207285,0.7455482121250414
7.202881152460985,-0.13665018426692555
7.206882753101241,1.1115227752160226
7.210884353741497,1.4545302445810948
7.214885954381753,2.15087591819738
7.218887555022009,1.895922037761372
7.222889155662265,1.499934214408952
7.226890756302521,0.6208473831701523
7.230892356942777,0.39487622601662586
7.234893957583034,1.1160895417950327
7.238895558223289,-0.23646799084882497
7.242897158863546,-0.3940479229483341
7.246898759503802,-0.2046770941106923
7.250900360144058,-0.026415570521499496
7.254901960784314,0.17426104834591438
7.25890356142457,0.8808729458739526
7.262905162064826,-0.09381307101896075
7.266906762705083,-0.6801222134454973
7.270908363345338,-1.0487016177045427
7.2749099639855945,-1.3753796604825985
7.278911564625851,-1.7003200736429078
7.282913165266106,-2.658320438657077
7.286914765906363,-1.069059868782384
7.290916366546619,-1.380887335993103
7.294917967186875,-1.6446433558015996
7.298919567827131,0.05352661479447243
7.302921168467387,1.2288961456278562
7.3069227691076435,0.4534316170455993
7.3109243697479,2.1004694407892517
7.314925970388155,1.752614793115908
7.318927571028412,2.4836952120191635
7.322929171668668,1.89005947478479
7.326930772308923,1.6583090113413992
7.33093237294918,0.6219828476646592
7.334933973589436,-0.316111479030588
7.3389355742296924,0.47067352930595163
7.342937174869948,-0.007303947294246438
7.346938775510204,-0.7188546142221033
7.350940376150461,0.46896424472891
7.354941976790717,-0.10587679934571537
7.358943577430972,-0.3947283929823291
7.362945178071229,0.23572834232765594
7.366946778711485,-0.5746071231630145
7.370948379351741,-1.2103968094677968
7.374949979991997,-1.8798624346496464
7.378951580632253,-2.964873052106172
7.3829531812725095,-1.5296300397311395
7.386954781912765,-1.9595249698520196
7.390956382553021,-1.7106492267296405
7.394957983193278,-1.448903896588309
7.398959583833534,-0.05827643370773808
7.4029611844737895,-0.07278239255130636
7.406962785114046,1.5949449277069787
7.410964385754302,1.908090230315067
7.4149659863945585,1.798490587292493
7.418967587034814,2.6812229945093295
7.42296918767507,1.7190170527293587
7.426970788315327,1.5601181328915201
7.430972388955582,1.7142818709763912
7.434973989595838,-0.53926751143657
7.438975590236095,-0.08986818290417753
7.442977190876351,1.114763568322386
7.446978791516607,0.7937859212570026
7.450980392156863,-0.7369799801355482
7.454981992797119,0.1850721424353935
7.458983593437376,0.6764794376530741
7.462985194077631,-0.4072175933028295
7.466986794717887,-1.2301429513161293
7.470988395358144,-1.2089910066860636
7.4749899959984,-1.3426100011758733
7.4789915966386555,-0.8743278093263716
7.482993197278912,-2.2788911119192683
7.486994797919168,-1.3270897581913998
7.490996398559424,-1.889129947977779
7.49499799919968,-0.7737032790045479
7.498999599839936,-1.036199232380915
7.503001200480193,0.4167189018159264
7.507002801120448,0.48019365680024617
7.5110044017607045,1.4305304607812381
7.515006002400961,1.8479792630891685
7.519007603041217,1.7079057633356807
7.523009203681473,2.2059272696798073
7.527010804321729,0.6823821576416007
7.531012404961985,1.2176232638011202
7.535014005602241,1.0911954868873595
7.539015606242497,-1.0253154604262407
7.5430172068827535,-0.19859326215456502
7.54701880752301,0.6357934280668629
7.551020408163265,-0.29881008050460833
7.555022008803522,0.36013239428039107
7.559023609443778,-0.18374124506756728
7.563025210084034,-0.5930540589762603
7.56702681072429,-0.5729944823942971
7.571028411364546,-1.0915462789489856
7.575030012004802,-0.8510137453199131
7.579031612645059,-2.66725765741325
7.583033213285314,-2.047974932951278
7.5870348139255706,-1.9962910768990232
7.591036414565827,-1.2900590046206806
7.595038015206082,-0.1651129447636257
7.599039615846339,-0.4877305106707746
7.603041216486595,0.04940423689928414
7.607042817126851,1.2825147488242128
7.611044417767107,1.944610338041472
7.615046018407363,2.4016468261970045
7.6190476190476195,1.4019735548577572
7.623049219687876,1.0028030021732965
7.627050820328131,0.45325010978782343
7.631052420968388,0.7858394552179638
7.635054021608644,0.9070750505628946
7.6390556222488994,0.08496041161342749
7.643057222889156,0.36430123092424016
7.647058823529412,-0.4016230364883632
7.6510604241696685,0.49442958100531725
7.655062024809924,-0.35809983453904304
7.65906362545018,0.18067494317954003
7.663065226090437,-0.43747055195235507
7.667066826730693,-1.142846331468979
7.671068427370948,-0.7873846524107615
7.675070028011205,-1.4724047693382971
7.679071628651461,-0.9439720819221278
7.6830732292917165,-1.9545587553743742
7.687074829931973,-2.4013073591164322
7.691076430572229,-1.6534344552728746
7.695078031212486,-0.03386364709157347
7.699079631852741,0.2206746829273366
7.703081232492997,0.1354367203632682
7.707082833133254,0.39784330173117066
7.71108443377351,2.1040967408463773
7.7150860344137655,1.5108048998836412
7.719087635054022,2.8087682993648926
7.723089235694278,2.0066021223355204
7.7270908363345345,0.6814141427048903
7.73109243697479,0.44059818239045023
7.735094037615046,1.101125867947504
7.739095638255303,0.0532931945849483
7.743097238895558,0.12605273965691277
7.7470988395358145,-0.1853336372688609
7.751100440176071,0.1903520135940277
7.755102040816327,-0.0012139559981751424
7.759103641456583,-0.47560736300556494
7.763105242096839,-1.4309246460578726
7.767106842737095,0.1333646257780169
7.771108443377352,-1.2043221457507518
7.775110044017607,-1.452292730525765
7.779111644657863,-2.442651423862812
7.78311324529812,-1.1028510299498806
7.787114845938375,-2.032363715392134
7.791116446578632,-1.8434514306259038
7.795118047218888,-0.34734846666158753
7.799119647859144,-0.08508479205349294
7.8031212484994,-0.01101634718672656
7.807122849139656,0.560422820590562
7.811124449779912,2.2408724796298367
7.815126050420169,2.3448300526350097
7.819127651060424,2.143339638349673
7.8231292517006805,0.5510015656353667
7.827130852340937,1.7666077357036396
7.831132452981193,0.8558287640744847
7.835134053621449,0.07717473070536096
7.839135654261705,-0.4166959634124602
7.843137254901961,-0.8896627971803694
7.847138855542217,0.1222582320789461
7.851140456182473,0.15140779930056913
7.8551420568227295,-0.32871121930665403
7.859143657462986,-0.31579820664526237
7.863145258103241,-0.7101233644151692
7.867146858743498,-1.6852515016035075
7.871148459383754,-1.3231909060927665
7.87515006002401,-1.2004337716543587
7.879151660664266,-2.1371048122531167
7.883153261304522,-1.6775015159569415
7.887154861944778,-1.859829008006209
7.891156462585034,-0.796022938952736
7.89515806322529,-0.2640399240249914
7.899159663865547,-0.06940103143602071
7.903161264505803,1.6968636622560678
7.907162865146058,1.9774408681749684
7.911164465786315,1.7218528484369329
7.915166066426571,2.7513941869615226
7.919167667066827,0.7946239123655165
7.923169267707083,1.0749064728403264
7.927170868347339,2.0188054437923624
7.9311724689875955,0.46887223475027173
7.935174069627852,0.913588134045943
7.939175670268107,0.5777322822770777
7.943177270908364,0.6586851160863675
7.94717887154862,0.4015323820395053
7.9511804721888755,0.2083827838728483
7.955182072829132,-0.08194880034827445
7.959183673469388,-0.8376155403681418
7.9631852741096445,-0.13172587188584128
7.9671868747499,-0.20068379524948632
7.971188475390156,-0.08184721345421159
7.975190076030413,-0.9650808978873721
7.979191676670669,-1.9429043899673244
7.983193277310924,-2.124969476313694
7.987194877951181,-1.9461291186186218
7.991196478591437,-1.0864808351690876
7.995198079231693,-0.7819743893141728
7.999199679871949,0.2363046030137394
8.003201280512204,0.5339211764486155
8.00720288115246,2.5153539727451895
8.011204481792717,2.1482370858919335
8.015206082432973,1.1657966163926932
8.01920768307323,1.9776246705543512
8.023209283713486,1.5978258449252816
8.027210884353742,0.8943530271876486
8.031212484993999,0.6997297003212126
8.035214085634253,-0.11145614861694697
8.03921568627451,0.5783612387120396
8.043217286914766,-0.5427449781098239
8.047218887555022,0.0032064513480523082
8.051220488195279,0.23537997181331757
8.055222088835535,0.06449215696592775
8.059223689475791,0.1171460952287593
8.063225290116046,-0.7817469932670925
8.067226890756302,-1.6550151871167715
8.071228491396559,-0.29647651813369513
8.075230092036815,-2.110366257479819
8.079231692677071,-1.5151835993525915
8.083233293317328,-2.704350055843664
8.087234893957584,-0.9994466758121442
8.09123649459784,-1.5578159059379204
8.095238095238095,-0.6465950834123242
8.099239695878351,-0.3668664120600576
8.103241296518608,0.6111093750075973
8.107242897158864,1.8708952924255668
8.11124449779912,0.7267506221661619
8.115246098439377,2.182270483403701
8.119247699079633,1.8072219678136416
8.123249299719888,1.9432378547392806
8.127250900360144,1.173829655435251
8.1312525010004,1.4313950623103011
8.135254101640657,0.4269792391028572
8.139255702280913,-0.7918135359684508
8.14325730292117,0.28165153948165844
8.147258903561426,-0.3234690167163463
8.15126050420168,-0.3969513031785771
8.155262104841936,0.470528069113095
8.159263705482193,-0.24752774974905734
8.16326530612245,-0.027785466025977867
8.167266906762706,-0.3103755270705736
8.171268507402962,-1.414252163694935
8.175270108043218,-1.1545176611049355
8.179271708683475,-2.0118049106430007
8.183273309323729,-1.6455883826508018
8.187274909963985,-2.0198909331319963
8.191276510604242,-1.6972019537226124
8.195278111244498,-1.3587819092699804
8.199279711884754,-0.009608486716534817
8.20328131252501,0.46734095278223997
8.207282913165267,1.4411336044242777
8.211284513805522,1.1300591444812815
8.215286114445778,2.7526517252319005
8.219287715086034,2.137295641648856
8.22328931572629,0.011582753478761226
8.227290916366547,0.9660598905597146
8.231292517006803,0.7551643286740664
8.23529411764706,0.02844187899427142
8.239295718287316,-0.07167128477594831
8.24329731892757,0.4513200601447851
8.247298919567827,0.18430943494876267
8.251300520208083,-0.2377882732251118
8.25530212084834,0.10206439631473513
8.259303721488596,0.43355177324303085
8.263305322128852,-0.11371895786379749
8.267306922769109,-1.0581816963718005
8.271308523409363,-1.0541110395142732
8.27531012404962,-1.6807589525912907
8.279311724689876,-1.6551739892695014
8.283313325330132,-2.6586369887206187
8.287314925970389,-2.076411428540702
8.291316526610645,-1.602493235794729
8.295318127250901,-0.5006672752508011
8.299319727891156,-0.3372062822850365
8.303321328531412,0.13795546438302564
8.307322929171669,1.274225455960274
8.311324529811925,1.7724420839566593
8.315326130452181,1.0031107417046652
8.319327731092438,1.8865756058901928
8.323329331732694,1.872256840338598
8.32733093237295,2.4351808579963916
8.331332533013205,1.2497372149373862
8.335334133653461,1.1140572386328196
8.339335734293718,0.7151686605933765
8.343337334933974,-0.5284475839161608
8.34733893557423,0.5085845918742211
8.351340536214487,-0.3809807377625368
8.355342136854743,0.5253878212146437
8.359343737494997,-0.8098511136432137
8.363345338135254,0.08269648407855867
8.36734693877551,-0.42178275656257314
8.371348539415767,-1.112419130876647
8.375350140056023,-1.9811590396053478
8.37935174069628,-0.9148943931538087
8.383353341336536,-2.20309718866213
8.387354941976792,-2.2689772920016313
8.391356542617046,-1.5577770153320996
8.395358143257303,-0.864841613073146
8.39935974389756,-0.18774888427928998
8.403361344537815,-0.16650050554559603
8.407362945178072,1.5707638980086256
8.411364545818328,1.4151605450594757
8.415366146458584,1.8121954350011884
8.419367747098839,1.8526816598592428
8.423369347739095,1.744647955246736
8.427370948379352,0.7663951338473085
8.431372549019608,0.059365084382986044
8.435374149659864,0.4165070396819115
8.43937575030012,-0.4993415904437726
8.443377350940377,-0.287651260354463
8.447378951580633,0.7950940550545753
8.451380552220888,0.3795598062987662
8.455382152861144,0.12308498234227899
8.4593837535014,-0.16605817384341814
8.463385354141657,-0.10852450748780074
8.467386954781913,-1.110097280934612
8.47138855542217,-1.0801155524580262
8.475390156062426,-1.9850613455102222
8.47939175670268,-1.7951147047158926
8.483393357342937,-1.3996000157030322
8.487394957983193,-1.4997484586455179
8.49139655862345,-1.8361906827358903
8.495398159263706,-0.8695665083768509
8.499399759903962,-0.3394538732621899
8.503401360544219,0.5967982495739711
8.507402961184473,1.1708177417554997
8.51140456182473,1.900112200879577
8.515406162464986,1.3535446337690717
8.519407763105242,1.775783636352449
8.523409363745499,1.9877228360261305
8.527410964385755,0.7831932963871703
8.531412565026011,0.36946603718591564
8.535414165666268,1.1091591233423022
8.539415766306522,0.1637122150849376
8.543417366946779,0.06282034807714432
8.547418967587035,0.5013206816087088
8.551420568227291,-0.04254076764446901
8.555422168867548,0.07054275338313087
8.559423769507804,0.23169566051445267
8.56342537014806,-0.6364039642033058
8.567426970788315,-1.357158558482738
8.571428571428571,-0.5766845100860294
8.575430172068828,-2.2270326881405493
8.579431772709084,-1.5106706806339636
8.58343337334934,-1.6417876953147459
8.587434973989597,-1.9116733021156311
8.591436574629853,-1.5378874193041443
8.59543817527011,-1.1427219179703703
8.599439775910364,0.26282307322162574
8.60344137655062,0.6013124566873681
8.607442977190876,1.3882562613521459
8.611444577831133,1.887202763617919
8.61544617847139,2.233290488495845
8.619447779111646,2.05375075973481
8.623449379751902,2.5218452172952164
8.627450980392156,0.5553358495498991
8.631452581032413,0.6332555790273398
8.635454181672669,0.7490378522060713
8.639455782312925,-0.07770356122525268
8.643457382953182,-0.5914447081186879
8.647458983593438,-0.39042710736269637
8.651460584233694,0.0013808570903320883
8.65546218487395,0.5319682213413915
8.659463785514205,-0.823649353857113
8.663465386154462,-0.7282866046845573
8.667466986794718,-0.535400900371531
8.671468587434974,-1.728727886672888
8.67547018807523,-0.6472822365349069
8.679471788715487,-2.7939601230945073
8.683473389355743,-1.5220800389649582
8.687474989995998,-1.9085185492624468
8.691476590636254,-0.7524105668691753
8.69547819127651,-0.8564962613145122
8.699479791916767,-0.3299562867850389
8.703481392557023,0.18013375101272533
8.70748299319728,1.1092468198251226
8.711484593837536,1.6754946247238773
8.71548619447779,2.4627929098323857
8.719487795118047,1.4541813552860168
8.723489395758303,1.2651513865958064
8.72749099639856,1.1654392115787313
8.731492597038816,0.823156318801693
8.735494197679072,0.43909690103507115
8.739495798319329,-0.39690177917862657
8.743497398959585,0.5668400475757233
8.74749899959984,-0.3331805574652482
8.751500600240096,0.12580787491031226
8.755502200880352,-0.17785220464361284
8.759503801520609,-0.8696573617111734
8.763505402160865,-1.0234806214345866
8.767507002801121,-0.7948274336174466
8.771508603441378,-1.1198130748404203
8.775510204081632,-1.0267795093561443
8.779511804721889,-1.8702981067996227
8.783513405362145,-1.818921152159998
8.787515006002401,-2.1616048765342937
8.791516606642658,-0.6528210439280713
8.795518207282914,0.580548069391885
8.79951980792317,-0.14232022642816608
8.803521408563427,-0.07857059628225221
8.807523009203681,0.9646389347115474
8.811524609843937,1.6398833116532627
8.815526210484194,1.6412264934495824
8.81952781112445,1.4399395644222932
8.823529411764707,1.9543975557941977
8.827531012404963,1.5625518767585567
8.83153261304522,1.3334250636197091
8.835534213685474,0.024219413482356567
8.83953581432573,1.2231658475342666
8.843537414965986,0.27659688773192415
8.847539015606243,0.03996906705634504
8.8515406162465,-0.355176662929355
8.855542216886755,0.053785903391588896
8.859543817527012,-0.6545552999095453
8.863545418167266,0.033406757420499145
8.867547018807523,-1.2918905872176032
8.871548619447779,-1.3671636821415927
8.875550220088035,-0.4450557892680914
8.879551820728292,-2.2797454814431433
8.883553421368548,-2.275478039891678
8.887555022008804,-1.8017945085120863
8.89155662264906,-1.8939039508772975
8.895558223289315,-0.8417218394058831
8.899559823929572,-0.7120659623047225
8.903561424569828,0.42778286780540326
8.907563025210084,1.4955510566765227
8.91156462585034,1.882211366089745
8.915566226490597,2.0238805235927533
8.919567827130853,1.0069722721532282
8.923569427771108,1.6624616541301123
8.927571028411364,1.503385430148627
8.93157262905162,0.2864523838051939
8.935574229691877,1.1179398256154869
8.939575830332133,-0.4756669315280133
8.94357743097239,-0.040635112063535095
8.947579031612646,-0.04310527392292682
8.951580632252902,-1.2334117151042499
8.955582232893157,1.2513312631764248
8.959583833533413,-0.46351895781732555
8.96358543417367,-0.879399832397223
8.967587034813926,-0.6771756962115704
8.971588635454182,-0.890316946884119
8.975590236094439,-2.18356913629293
8.979591836734695,-1.5428205916041902
8.98359343737495,-1.3790911040623235
8.987595038015206,-2.1352125286308974
8.991596638655462,-1.7126383548852306
8.995598239295719,-0.7870865955324784
8.999599839935975,-0.3801340664944309
9.003601440576231,0.13245979075723568
9.007603041216488,1.2600139903159184
9.011604641856744,1.6755124257612624
9.015606242496998,1.667582659514567
9.019607843137255,2.3434405550336797
9.023609443777511,2.851673063568241
9.027611044417768,1.6355888077318932
9.031612645058024,0.6114714392497943
9.03561424569828,0.4062126493518964
9.039615846338537,0.3773909448145183
9.043617446978791,0.8569812543804618
9.047619047619047,-0.5461604602198482
9.051620648259304,-0.7734075612945768
9.05562224889956,-0.6969317679815001
9.059623849539816,-1.1707472828111856
9.063625450180073,-0.15581577887362108
9.06762705082033,-1.2004230207461786
9.071628651460584,-2.067810595631265
9.07563025210084,-1.8844429572740196
9.079631852741096,-1.5453380937547134
9.083633453381353,-1.9625645331350483
9.087635054021609,-2.1383738395996983
9.091636654661865,-0.6105794470156428
9.095638255302122,-1.0581406383762721
9.099639855942378,0.747411168139895
9.103641456582633,1.2873322323233487
9.107643057222889,2.1335751542415493
9.111644657863145,1.5116728273328537
9.115646258503402,1.2282081316215478
9.119647859143658,1.987478528571381
9.123649459783914,1.187969329570803
9.12765106042417,1.6451477547944169
9.131652661064425,0.6116674193633317
9.135654261704682,0.40679546495297236
9.139655862344938,0.043868508995140165
9.143657462985194,0.07694045744383726
9.14765906362545,0.6771505404484885
9.151660664265707,0.01798225508993015
9.155662264905963,0.5584097914541384
9.15966386554622,-0.9568248791482896
9.163665466186474,0.2590960961873321
9.16766706682673,-0.16691789749209296
9.171668667466987,-1.4791520092206756
9.175670268107243,-1.1307535103340705
9.1796718687475,-1.1776721490626363
9.183673469387756,-1.2539855701691764
9.187675070028012,-2.193609286899144
9.191676670668267,-1.764986592359864
9.195678271308523,-1.0160088008719559
9.19967987194878,-0.3639495592098305
9.203681472589036,0.9561080213109803
9.207683073229292,1.4505990572214886
9.211684673869549,0.86303000974089
9.215686274509805,1.618058335812941
9.219687875150061,1.801883577566202
9.223689475790316,2.6907439531380124
9.227691076430572,0.9989266585410869
9.231692677070829,0.9356483145570179
9.235694277711085,0.5245472746481323
9.239695878351341,0.4174807796007671
9.243697478991598,-0.46440354470257333
9.247699079631854,-0.7421948439473917
9.251700680272108,-0.03221240781527368
9.255702280912365,-0.22669986457523683
9.259703881552621,0.5789962775286853
9.263705482192877,-0.23989983959855932
9.267707082833134,0.149935151835334
9.27170868347339,-0.7629917076216843
9.275710284113647,-1.7523361867726739
9.279711884753901,-2.6413925486554457
9.283713485394157,-1.639660409417152
9.287715086034414,-0.9682518788699783
9.29171668667467,-1.3476004689411663
9.295718287314926,0.04214396307061424
9.299719887955183,0.45332963724513736
9.30372148859544,0.06744446541530857
9.307723089235695,0.5833318859558896
9.31172468987595,1.3659497522118214
9.315726290516206,1.7059891777419445
9.319727891156463,2.062685899473748
9.323729491796719,0.9403759576329211
9.327731092436975,0.6832992605935906
9.331732693077232,1.1847239550189503
9.335734293717488,0.2684235996808201
9.339735894357743,-0.028198420269801794
9.343737494997999,-0.15155289766332236
9.347739095638255,-0.24147372621068935
9.351740696278512,0.3516551563990356
9.355742296918768,-0.7158739796710639
9.359743897559024,-0.07132749822933282
9.36374549819928,-0.15556936895304796
9.367747098839537,-0.4426816110414804
9.371748699479792,-1.9592451515712281
9.375750300120048,-2.2440745370075965
9.379751900760304,-1.843115857007979
9.38375350140056,-3.1040819676991265
9.387755102040817,-0.9048701823183686
9.391756702681073,-1.1806943448703713
9.39575830332133,-0.6954393567328878
9.399759903961584,-0.4166796693224892
9.40376150460184,0.7643714937840569
9.407763105242097,1.455006805942563
9.411764705882353,1.5363038192658944
9.41576630652261,1.6479910829179354
9.419767907162866,1.2897307871380987
9.423769507803122,1.2304320714613408
9.427771108443377,0.6453043772913978
9.431772709083633,1.2714380005478314
9.43577430972389,0.06420724443736148
9.439775910364146,0.7393198166090263
9.443777511004402,0.5751669092502929
9.447779111644659,0.6059057783226001
9.451780712284915,0.11316410802995278
9.455782312925171,1.085627316980991
9.459783913565426,-0.6106137497254636
9.463785514205682,-0.08138773101374941
9.467787114845938,-0.9685336223341159
9.471788715486195,-1.0062605468178782
9.475790316126451,-1.8426122689131967
9.479791916766708,-1.6588296182279687
9.483793517406964,-1.554288263481304
9.487795118047218,-1.7815276459690799
9.491796718687475,-0.8195616012963581
9.495798319327731,-0.6271420553638711
9.499799919967987,0.08083323812367044
9.503801520608244,0.7086899511876104
9.5078031212485,2.0094712268343446
9.511804721888756,1.8002497411540834
9.515806322529013,1.4744992564621593
9.519807923169267,1.60986322691855
9.523809523809524,1.4058522416829955
9.52781112444978,1.0235216805009013
9.531812725090036,1.3902301971072597
9.535814325730293,-0.2322700223733628
9.539815926370549,0.9126354623401401
9.543817527010805,-0.6041587529839214
9.54781912765106,-0.8640204141181997
9.551820728291316,0.04316375630938163
9.555822328931573,0.27155674166618127
9.559823929571829,0.23883109765118826
9.563825530212085,-0.4936545814401111
9.567827130852342,-0.6053141950651549
9.571828731492598,-0.6835327345299691
9.575830332132854,-2.530005232411336
9.579831932773109,-1.2494608843624952
9.583833533413365,-2.254680970740154
9.587835134053622,-1.3842260074575314
9.591836734693878,-0.9127465332660768
9.595838335334134,-0.9911556526058345
9.59983993597439,-0.7375169569124542
9.603841536614647,1.8810359797948195
9.607843137254902,2.072509889254973
9.611844737895158,1.9763238442065287
9.615846338535414,2.1323596265162825
9.61984793917567,1.5118951328181112
9.623849539815927,1.4908351716474937
9.627851140456183,1.4239354241546682
9.63185274109644,0.4966170215111705
9.635854341736694,0.9602625909051166
9.63985594237695,-0.1075263053229989
9.643857543017207,0.21897505286129992
9.647859143657463,0.3070190799171175
9.65186074429772,0.2453553505741642
9.655862344937976,0.6459374989970822
9.659863945578232,0.6333893328544691
9.663865546218489,-0.23046623234860886
9.667867146858743,-1.1777124253762126
9.671868747499,0.2291571612759944
9.675870348139256,-0.6207078286642831
9.679871948779512,-2.218195919265278
9.683873549419769,-1.9122966192171182
9.687875150060025,-1.8796052000274903
9.691876750700281,-1.4608967370045867
9.695878351340536,-1.2826572793368674
9.699879951980792,-0.18951635994602004
9.703881552621048,0.881858905486343
9.707883153261305,2.0056352709829763
9.711884753901561,1.842436510076595
9.715886354541817,2.0281700654642716
9.719887955182074,2.593214145815281
9.72388955582233,1.8957701059781973
9.727891156462585,0.7163789650633241
9.731892757102841,0.2155006408769059
9.735894357743097,0.8750649885480664
9.739895958383354,-0.3009415008403335
9.74389755902361,-0.323268464623623
9.747899159663866,-0.05245720306975324
9.751900760304123,-0.8233968478825974
9.755902360944377,-0.14448138618929462
9.759903961584634,0.8828088488812743
9.76390556222489,-0.0947230090004062
9.767907162865146,-0.600558270052734
9.771908763505403,-0.8808866473512594
9.775910364145659,-1.7310849714828975
9.779911964785915,-2.463218497231034
9.78391356542617,-1.7040544974465113
9.787915166066426,-2.52910409569865
9.791916766706683,-1.2120608161352862
9.795918367346939,-0.9884189526199939
9.799919967987195,-0.14993250179859502
9.803921568627452,1.1134843276753477
9.807923169267708,2.0993469629754453
9.811924769907964,3.18139704542832
9.815926370548219,0.6911968898721857
9.819927971188475,2.1881863596444644
9.823929571828732,1.8428896656041973
9.827931172468988,2.370587639644764
9.831932773109244,0.2762948515970546
9.8359343737495,-0.8311884072780215
9.839935974389757,-0.01873744663348398
9.843937575030012,0.38958848380709266
9.847939175670268,-0.031214969502356527
9.851940776310524,-0.18411581191056944
9.85594237695078,0.92298856879904
9.859943977591037,-0.4717583014123222
9.863945578231293,0.19817427953382882
9.86794717887155,-0.8741227128412954
9.871948779511806,-1.490379379355265
9.87595038015206,-1.7012356115407916
9.879951980792317,-2.5605682793761386
9.883953581432573,-2.009099916040265
9.88795518207283,-1.099539831834734
9.891956782713086,-1.4550128573557268
9.895958383353342,-0.783627145330277
9.899959983993599,1.035783688997617
9.903961584633853,1.4320845652793834
9.90796318527411,0.6825048390622466
9.911964785914366,0.8492002717979298
9.915966386554622,0.8914734836039556
9.919967987194878,1.4924728559866858
9.923969587835135,1.8602863097223212
9.927971188475391,1.5592319188733663
9.931972789115648,-0.2448084470559776
9.935974389755902,0.7512957336298056
9.939975990396158,0.5719569623966305
9.943977591036415,-0.6454556723212769
9.947979191676671,-0.02786368680341164
9.951980792316927,-0.332498713593141
9.955982392957184,-0.36711928684806483
9.95998399359744,-0.009947487802832389
9.963985594237695,-0.38920677978324336
9.967987194877951,-0.7775335179930116
9.971988795518207,-1.63619886387881
9.975990396158464,-1.9082919897230937
9.97999199679872,-1.9126972101621509
9.983993597438976,-1.5579450270180644
9.987995198079233,-1.7803320563895362
9.991996798719487,-1.1429183438253308
9.995998399359744,0.40091562887347915
10.0,-0.27137621742134815
